GOES-16,12/23/2019,2019357,16:00:22,Sharkfin,11,"-23,90","39,251,968",FD,http://data.ssec.wisc.edu/abi/imagery/GOES-16/20191223/fd/16panel/medium/16panel_2019357_160022_EAST?_FD_M6_B12345678910111213141516_0016PANELS.GIF,/arcdata/goes/grb/goes16/2019/2019_12_23_357/abi/L1b/RadF/OR_ABI-L1b-RadF-M6C??_G16_s2019357160022*.nc,
GOES-16,12/25/2019,2019359,17:20:22,Sharkfin,15,"-23,95","39,191,734",FD,http://data.ssec.wisc.edu/abi/imagery/GOES-16/20191225/fd/16panel/medium/16panel_2019359_172022_EAST?_FD_M6_B12345678910111213141516_0016PANELS.GIF,/arcdata/goes/grb/goes16/2019/2019_12_25_359/abi/L1b/RadF/OR_ABI-L1b-RadF-M6C??_G16_s2019359172022*.nc,
GOES-16,12/26/2019,2019360,11:50:22,Sharkfin,13,"8,105","22,811,182",FD,http://data.ssec.wisc.edu/abi/imagery/GOES-16/20191226/fd/16panel/medium/16panel_2019360_115022_EAST?_FD_M6_B12345678910111213141516_0016PANELS.GIF,/arcdata/goes/grb/goes16/2019/2019_12_26_360/abi/L1b/RadF/OR_ABI-L1b-RadF-M6C??_G16_s2019360115022*.nc,
GOES-16,12/26/2019,2019360,12:00:22,Sharkfin,14,"17,100","18,131,458",FD,http://data.ssec.wisc.edu/abi/imagery/GOES-16/20191226/fd/16panel/medium/16panel_2019360_120022_EAST?_FD_M6_B12345678910111213141516_0016PANELS.GIF,/arcdata/goes/grb/goes16/2019/2019_12_26_360/abi/L1b/RadF/OR_ABI-L1b-RadF-M6C??_G16_s2019360120022*.nc,
GOES-16,12/26/2019,2019360,18:30:21,Sharkfin,6,"40,90","7,752,112",FD,http://data.ssec.wisc.edu/abi/imagery/GOES-16/20191226/fd/16panel/medium/16panel_2019360_183021_EAST?_FD_M6_B12345678910111213141516_0016PANELS.GIF,/arcdata/goes/grb/goes16/2019/2019_12_26_360/abi/L1b/RadF/OR_ABI-L1b-RadF-M6C??_G16_s2019360183021*.nc,
GOES-16,12/26/2019,2019360,18:30:21,Sharkfin,12,"40,90","7,752,112",FD,http://data.ssec.wisc.edu/abi/imagery/GOES-16/20191226/fd/16panel/medium/16panel_2019360_183021_EAST?_FD_M6_B12345678910111213141516_0016PANELS.GIF,/arcdata/goes/grb/goes16/2019/2019_12_26_360/abi/L1b/RadF/OR_ABI-L1b-RadF-M6C??_G16_s2019360183021*.nc,
GOES-16,12/27/2019,2019361,22:30:21,Sharkfin,8,"-14,110","34,511,008",FD,http://data.ssec.wisc.edu/abi/imagery/GOES-16/20191227/fd/16panel/medium/16panel_2019361_223021_EAST?_FD_M6_B12345678910111213141516_0016PANELS.GIF,/arcdata/goes/grb/goes16/2019/2019_12_27_361/abi/L1b/RadF/OR_ABI-L1b-RadF-M6C??_G16_s2019361223021*.nc,
GOES-16,12/28/2019,2019362,13:10:22,Sharkfin,7,"-13,105","34,031,206",FD,http://data.ssec.wisc.edu/abi/imagery/GOES-16/20191228/fd/16panel/medium/16panel_2019362_131022_EAST?_FD_M6_B12345678910111213141516_0016PANELS.GIF,/arcdata/goes/grb/goes16/2019/2019_12_28_362/abi/L1b/RadF/OR_ABI-L1b-RadF-M6C??_G16_s2019362131022*.nc,
GOES-16,12/30/2019,2019364,21:20:21,Sharkfin,8,"-23,100","39,131,512",FD,http://data.ssec.wisc.edu/abi/imagery/GOES-16/20191230/fd/16panel/medium/16panel_2019364_212021_EAST?_FD_M6_B12345678910111213141516_0016PANELS.GIF,/arcdata/goes/grb/goes16/2019/2019_12_30_364/abi/L1b/RadF/OR_ABI-L1b-RadF-M6C??_G16_s2019364212021*.nc,
GOES-16,1/5/2020,2020005,6:00:21,Sharkfin,11,"-32,100","43,211,620",FD,http://data.ssec.wisc.edu/abi/imagery/GOES-16/20200105/fd/16panel/medium/16panel_2020005_060021_EAST?_FD_M6_B12345678910111213141516_0016PANELS.GIF,/arcdata/goes/grb/goes16/2020/2020_01_05_005/abi/L1b/RadF/OR_ABI-L1b-RadF-M6C??_G16_s2020005060021*.nc,
GOES-16,1/5/2020,2020005,6:00:21,Sharkfin,12,"-32,100","43,211,620",FD,http://data.ssec.wisc.edu/abi/imagery/GOES-16/20200105/fd/16panel/medium/16panel_2020005_060021_EAST?_FD_M6_B12345678910111213141516_0016PANELS.GIF,/arcdata/goes/grb/goes16/2020/2020_01_05_005/abi/L1b/RadF/OR_ABI-L1b-RadF-M6C??_G16_s2020005060021*.nc,
GOES-16,1/6/2020,2020006,0:00:21,Sharkfin,8,"-23,100","39,131,512",FD,http://data.ssec.wisc.edu/abi/imagery/GOES-16/20200106/fd/16panel/medium/16panel_2020006_000021_EAST?_FD_M6_B12345678910111213141516_0016PANELS.GIF,/arcdata/goes/grb/goes16/2020/2020_01_06_006/abi/L1b/RadF/OR_ABI-L1b-RadF-M6C??_G16_s2020006000021*.nc,
GOES-16,1/6/2020,2020006,0:00:21,Sharkfin,11,"-48,75","49,272,712",FD,http://data.ssec.wisc.edu/abi/imagery/GOES-16/20200106/fd/16panel/medium/16panel_2020006_000021_EAST?_FD_M6_B12345678910111213141516_0016PANELS.GIF,/arcdata/goes/grb/goes16/2020/2020_01_06_006/abi/L1b/RadF/OR_ABI-L1b-RadF-M6C??_G16_s2020006000021*.nc,
GOES-16,1/8/2020,2020008,7:50:20,Sharkfin,10,"48,90","5,112,196",FD,http://data.ssec.wisc.edu/abi/imagery/GOES-16/20200108/fd/16panel/medium/16panel_2020008_075020_EAST?_FD_M6_B12345678910111213141516_0016PANELS.GIF,/arcdata/goes/grb/goes16/2020/2020_01_08_008/abi/L1b/RadF/OR_ABI-L1b-RadF-M6C??_G16_s2020008075020*.nc,
GOES-16,1/17/2020,2020017,5:10:19,Sharkfin,10,"43,90","6,672,142",FD,http://data.ssec.wisc.edu/abi/imagery/GOES-16/20200117/fd/16panel/medium/16panel_2020017_051019_EAST?_FD_M6_B12345678910111213141516_0016PANELS.GIF,/arcdata/goes/grb/goes16/2020/2020_01_17_017/abi/L1b/RadF/OR_ABI-L1b-RadF-M6C??_G16_s2020017051019*.nc,
GOES-16,1/17/2020,2020017,5:10:19,Sharkfin,15,"43,90","6,672,142",FD,http://data.ssec.wisc.edu/abi/imagery/GOES-16/20200117/fd/16panel/medium/16panel_2020017_051019_EAST?_FD_M6_B12345678910111213141516_0016PANELS.GIF,/arcdata/goes/grb/goes16/2020/2020_01_17_017/abi/L1b/RadF/OR_ABI-L1b-RadF-M6C??_G16_s2020017051019*.nc,
GOES-16,2/15/2020,2020046,21:20:20,Sharkfin,10,"-48,80","49,212,538",FD,http://data.ssec.wisc.edu/abi/imagery/GOES-16/20200215/fd/16panel/medium/16panel_2020046_212020_EAST?_FD_M6_B12345678910111213141516_0016PANELS.GIF,/arcdata/goes/grb/goes16/2020/2020_02_15_046/abi/L1b/RadF/OR_ABI-L1b-RadF-M6C??_G16_s2020046212020*.nc,
GOES-16,2/15/2020,2020046,21:20:20,Sharkfin,11,"-48,80","49,212,538",FD,http://data.ssec.wisc.edu/abi/imagery/GOES-16/20200215/fd/16panel/medium/16panel_2020046_212020_EAST?_FD_M6_B12345678910111213141516_0016PANELS.GIF,/arcdata/goes/grb/goes16/2020/2020_02_15_046/abi/L1b/RadF/OR_ABI-L1b-RadF-M6C??_G16_s2020046212020*.nc,
GOES-16,2/16/2020,2020047,5:00:20,Sharkfin,10,"-48,105","48,911,728",FD,http://data.ssec.wisc.edu/abi/imagery/GOES-16/20200216/fd/16panel/medium/16panel_2020047_050020_EAST?_FD_M6_B12345678910111213141516_0016PANELS.GIF,/arcdata/goes/grb/goes16/2020/2020_02_16_047/abi/L1b/RadF/OR_ABI-L1b-RadF-M6C??_G16_s2020047050020*.nc,
GOES-16,2/16/2020,2020047,5:00:20,Sharkfin,11,"-48,105","48,911,728",FD,http://data.ssec.wisc.edu/abi/imagery/GOES-16/20200216/fd/16panel/medium/16panel_2020047_050020_EAST?_FD_M6_B12345678910111213141516_0016PANELS.GIF,/arcdata/goes/grb/goes16/2020/2020_02_16_047/abi/L1b/RadF/OR_ABI-L1b-RadF-M6C??_G16_s2020047050020*.nc,
GOES-16,2/16/2020,2020047,5:00:20,Sharkfin,12,"-48,105","48,911,728",FD,http://data.ssec.wisc.edu/abi/imagery/GOES-16/20200216/fd/16panel/medium/16panel_2020047_050020_EAST?_FD_M6_B12345678910111213141516_0016PANELS.GIF,/arcdata/goes/grb/goes16/2020/2020_02_16_047/abi/L1b/RadF/OR_ABI-L1b-RadF-M6C??_G16_s2020047050020*.nc,
GOES-16,2/16/2020,2020047,5:00:20,Sharkfin,15,"-48,105","48,911,728",FD,http://data.ssec.wisc.edu/abi/imagery/GOES-16/20200216/fd/16panel/medium/16panel_2020047_050020_EAST?_FD_M6_B12345678910111213141516_0016PANELS.GIF,/arcdata/goes/grb/goes16/2020/2020_02_16_047/abi/L1b/RadF/OR_ABI-L1b-RadF-M6C??_G16_s2020047050020*.nc,
GOES-16,2/16/2020,2020047,19:30:20,Sharkfin,13,"-50,90","49,752,220",FD,http://data.ssec.wisc.edu/abi/imagery/GOES-16/20200216/fd/16panel/medium/16panel_2020047_193020_EAST?_FD_M6_B12345678910111213141516_0016PANELS.GIF,/arcdata/goes/grb/goes16/2020/2020_02_16_047/abi/L1b/RadF/OR_ABI-L1b-RadF-M6C??_G16_s2020047193020*.nc,
GOES-16,2/16/2020,2020047,19:30:20,Sharkfin,14,"-50,90","49,752,220",FD,http://data.ssec.wisc.edu/abi/imagery/GOES-16/20200216/fd/16panel/medium/16panel_2020047_193020_EAST?_FD_M6_B12345678910111213141516_0016PANELS.GIF,/arcdata/goes/grb/goes16/2020/2020_02_16_047/abi/L1b/RadF/OR_ABI-L1b-RadF-M6C??_G16_s2020047193020*.nc,
GOES-16,2/17/2020,2020048,16:50:20,Sharkfin,7,"-47,90","48,852,184",FD,http://data.ssec.wisc.edu/abi/imagery/GOES-16/20200217/fd/16panel/medium/16panel_2020048_165020_EAST?_FD_M6_B12345678910111213141516_0016PANELS.GIF,/arcdata/goes/grb/goes16/2020/2020_02_17_048/abi/L1b/RadF/OR_ABI-L1b-RadF-M6C??_G16_s2020048165020*.nc,
GOES-16,2/17/2020,2020048,16:50:20,Sharkfin,10,"-47,90","48,852,184",FD,http://data.ssec.wisc.edu/abi/imagery/GOES-16/20200217/fd/16panel/medium/16panel_2020048_165020_EAST?_FD_M6_B12345678910111213141516_0016PANELS.GIF,/arcdata/goes/grb/goes16/2020/2020_02_17_048/abi/L1b/RadF/OR_ABI-L1b-RadF-M6C??_G16_s2020048165020*.nc,
GOES-16,2/17/2020,2020048,16:50:20,Sharkfin,15,"-47,90","48,852,184",FD,http://data.ssec.wisc.edu/abi/imagery/GOES-16/20200217/fd/16panel/medium/16panel_2020048_165020_EAST?_FD_M6_B12345678910111213141516_0016PANELS.GIF,/arcdata/goes/grb/goes16/2020/2020_02_17_048/abi/L1b/RadF/OR_ABI-L1b-RadF-M6C??_G16_s2020048165020*.nc,
GOES-16,2/17/2020,2020048,16:50:20,Sharkfin,16,"-47,90","48,852,184",FD,http://data.ssec.wisc.edu/abi/imagery/GOES-16/20200217/fd/16panel/medium/16panel_2020048_165020_EAST?_FD_M6_B12345678910111213141516_0016PANELS.GIF,/arcdata/goes/grb/goes16/2020/2020_02_17_048/abi/L1b/RadF/OR_ABI-L1b-RadF-M6C??_G16_s2020048165020*.nc,
GOES-16,4/14/2020,2020105,20:40:16,Sharkfin?,13,"-58,80","51,792,580",FD,http://data.ssec.wisc.edu/abi/imagery/GOES-16/20200414/fd/16panel/medium/16panel_2020105_204016_EAST?_FD_M6_B12345678910111213141516_0016PANELS.GIF,/arcdata/goes/grb/goes16/2020/2020_04_14_105/abi/L1b/RadF/OR_ABI-L1b-RadF-M6C??_G16_s2020105204016*.nc,
GOES-16,4/14/2020,2020105,20:40:16,Sharkfin?,14,"-58,80","51,792,580",FD,http://data.ssec.wisc.edu/abi/imagery/GOES-16/20200414/fd/16panel/medium/16panel_2020105_204016_EAST?_FD_M6_B12345678910111213141516_0016PANELS.GIF,/arcdata/goes/grb/goes16/2020/2020_04_14_105/abi/L1b/RadF/OR_ABI-L1b-RadF-M6C??_G16_s2020105204016*.nc,
GOES-16,5/2/2020,2020123,18:30:14,Sharkfin,14,"32,105","11,171,428",FD,http://data.ssec.wisc.edu/abi/imagery/GOES-16/20200502/fd/16panel/medium/16panel_2020123_183014_EAST?_FD_M6_B12345678910111213141516_0016PANELS.GIF,/arcdata/goes/grb/goes16/2020/2020_05_02_123/abi/L1b/RadF/OR_ABI-L1b-RadF-M6C??_G16_s2020123183014*.nc,
GOES-16,5/2/2020,2020123,22:10:14,Sharkfin,7,"-60,80","52,152,586",FD,http://data.ssec.wisc.edu/abi/imagery/GOES-16/20200502/fd/16panel/medium/16panel_2020123_221014_EAST?_FD_M6_B12345678910111213141516_0016PANELS.GIF,/arcdata/goes/grb/goes16/2020/2020_05_02_123/abi/L1b/RadF/OR_ABI-L1b-RadF-M6C??_G16_s2020123221014*.nc,
GOES-16,5/7/2020,2020128,6:10:14,Sharkfin,11,"28,95","12,731,782",FD,http://data.ssec.wisc.edu/abi/imagery/GOES-16/20200507/fd/16panel/medium/16panel_2020128_061014_EAST?_FD_M6_B12345678910111213141516_0016PANELS.GIF,/arcdata/goes/grb/goes16/2020/2020_05_07_128/abi/L1b/RadF/OR_ABI-L1b-RadF-M6C??_G16_s2020128061014*.nc,
GOES-16,5/7/2020,2020128,21:30:14,Sharkfin,11,"7,95","23,291,644",FD,http://data.ssec.wisc.edu/abi/imagery/GOES-16/20200507/fd/16panel/medium/16panel_2020128_213014_EAST?_FD_M6_B12345678910111213141516_0016PANELS.GIF,/arcdata/goes/grb/goes16/2020/2020_05_07_128/abi/L1b/RadF/OR_ABI-L1b-RadF-M6C??_G16_s2020128213014*.nc,
GOES-16,5/7/2020,2020128,21:30:14,Sharkfin,12,"7,95","23,291,644",FD,http://data.ssec.wisc.edu/abi/imagery/GOES-16/20200507/fd/16panel/medium/16panel_2020128_213014_EAST?_FD_M6_B12345678910111213141516_0016PANELS.GIF,/arcdata/goes/grb/goes16/2020/2020_05_07_128/abi/L1b/RadF/OR_ABI-L1b-RadF-M6C??_G16_s2020128213014*.nc,
GOES-16,5/12/2020,2020133,13:40:14,Sharkfin,8,"-58,83","51,732,496",FD,http://data.ssec.wisc.edu/abi/imagery/GOES-16/20200512/fd/16panel/medium/16panel_2020133_134014_EAST?_FD_M6_B12345678910111213141516_0016PANELS.GIF,/arcdata/goes/grb/goes16/2020/2020_05_12_133/abi/L1b/RadF/OR_ABI-L1b-RadF-M6C??_G16_s2020133134014*.nc,
GOES-16,5/28/2020,2020149,10:00:16,Sharkfin?,11,"43,90","6,672,142",FD,http://data.ssec.wisc.edu/abi/imagery/GOES-16/20200528/fd/16panel/medium/16panel_2020149_100016_EAST?_FD_M6_B12345678910111213141516_0016PANELS.GIF,/arcdata/goes/grb/goes16/2020/2020_05_28_149/abi/L1b/RadF/OR_ABI-L1b-RadF-M6C??_G16_s2020149100016*.nc,
GOES-16,6/24/2020,2020176,17:50:20,Sharkfin,12,"-48,80","49,212,538",FD,http://data.ssec.wisc.edu/abi/imagery/GOES-16/20200624/fd/16panel/medium/16panel_2020176_175020_EAST?_FD_M6_B12345678910111213141516_0016PANELS.GIF,/arcdata/goes/grb/goes16/2020/2020_06_24_176/abi/L1b/RadF/OR_ABI-L1b-RadF-M6C??_G16_s2020176175020*.nc,
GOES-16,7/4/2020,2020186,23:50:21,Sharkfin,13,"-58,90","51,672,316",FD,http://data.ssec.wisc.edu/abi/imagery/GOES-16/20200704/fd/16panel/medium/16panel_2020186_235021_EAST?_FD_M6_B12345678910111213141516_0016PANELS.GIF,/arcdata/goes/grb/goes16/2020/2020_07_04_186/abi/L1b/RadF/OR_ABI-L1b-RadF-M6C??_G16_s2020186235021*.nc,
GOES-16,9/11/2020,2020255,15:20:19,Sharkfin,13,"23,105","15,191,302",FD,http://data.ssec.wisc.edu/abi/imagery/GOES-16/20200911/fd/16panel/medium/16panel_2020255_152019_EAST?_FD_M6_B12345678910111213141516_0016PANELS.GIF,/arcdata/goes/grb/goes16/2020/2020_09_11_255/abi/L1b/RadF/OR_ABI-L1b-RadF-M6C??_G16_s2020255152019*.nc,
GOES-16,9/11/2020,2020255,18:50:19,Sharkfin?,7,"-29,118","4,153,936",FD,http://data.ssec.wisc.edu/abi/imagery/GOES-16/20200911/fd/16panel/medium/16panel_2020255_185019_EAST?_FD_M6_B12345678910111213141516_0016PANELS.GIF,/arcdata/goes/grb/goes16/2020/2020_09_11_255/abi/L1b/RadF/OR_ABI-L1b-RadF-M6C??_G16_s2020255185019*.nc,
GOES-16,9/12/2020,2020256,22:20:18,Sharkfin,7,"-42,90","47,232,130",FD,http://data.ssec.wisc.edu/abi/imagery/GOES-16/20200912/fd/16panel/medium/16panel_2020256_222018_EAST?_FD_M6_B12345678910111213141516_0016PANELS.GIF,/arcdata/goes/grb/goes16/2020/2020_09_12_256/abi/L1b/RadF/OR_ABI-L1b-RadF-M6C??_G16_s2020256222018*.nc,
GOES-16,9/13/2020,2020257,8:20:18,Sharkfin,10,"48,95","5,172,034",FD,http://data.ssec.wisc.edu/abi/imagery/GOES-16/20200913/fd/16panel/medium/16panel_2020257_082018_EAST?_FD_M6_B12345678910111213141516_0016PANELS.GIF,/arcdata/goes/grb/goes16/2020/2020_09_13_257/abi/L1b/RadF/OR_ABI-L1b-RadF-M6C??_G16_s2020257082018*.nc,
GOES-16,9/13/2020,2020257,17:30:18,Sharkfin,13,"-33,105","43,511,446",FD,http://data.ssec.wisc.edu/abi/imagery/GOES-16/20200913/fd/16panel/medium/16panel_2020257_173018_EAST?_FD_M6_B12345678910111213141516_0016PANELS.GIF,/arcdata/goes/grb/goes16/2020/2020_09_13_257/abi/L1b/RadF/OR_ABI-L1b-RadF-M6C??_G16_s2020257173018*.nc,
GOES-16,9/15/2020,2020259,13:20:17,Sharkfin,8,"-58,75","51,762,712",FD,http://data.ssec.wisc.edu/abi/imagery/GOES-16/20200915/fd/16panel/medium/16panel_2020259_132017_EAST?_FD_M6_B12345678910111213141516_0016PANELS.GIF,/arcdata/goes/grb/goes16/2020/2020_09_15_259/abi/L1b/RadF/OR_ABI-L1b-RadF-M6C??_G16_s2020259132017*.nc,
GOES-16,9/15/2020,2020259,13:20:17,Sharkfin,9,"-58,88","51,712,365",FD,http://data.ssec.wisc.edu/abi/imagery/GOES-16/20200915/fd/16panel/medium/16panel_2020259_132017_EAST?_FD_M6_B12345678910111213141516_0016PANELS.GIF,/arcdata/goes/grb/goes16/2020/2020_09_15_259/abi/L1b/RadF/OR_ABI-L1b-RadF-M6C??_G16_s2020259132017*.nc,
GOES-16,9/20/2020,2020264,12:50:18,Sharkfin,9,"48,95","5,152,033",FD,http://data.ssec.wisc.edu/abi/imagery/GOES-16/20200920/fd/16panel/medium/16panel_2020264_125018_EAST?_FD_M6_B12345678910111213141516_0016PANELS.GIF,/arcdata/goes/grb/goes16/2020/2020_09_20_264/abi/L1b/RadF/OR_ABI-L1b-RadF-M6C??_G16_s2020264125018*.nc,
GOES-16,9/23/2020,2020267,8:20:16,Sharkfin,12,"-32,88","43,342,125",FD,http://data.ssec.wisc.edu/abi/imagery/GOES-16/20200923/fd/16panel/medium/16panel_2020267_082016_EAST?_FD_M6_B12345678910111213141516_0016PANELS.GIF,/arcdata/goes/grb/goes16/2020/2020_09_23_267/abi/L1b/RadF/OR_ABI-L1b-RadF-M6C??_G16_s2020267082016*.nc,
GOES-16,9/23/2020,2020267,11:30:16,Sharkfin,15,"16,105","18,661,231",FD,http://data.ssec.wisc.edu/abi/imagery/GOES-16/20200923/fd/16panel/medium/16panel_2020267_113016_EAST?_FD_M6_B12345678910111213141516_0016PANELS.GIF,/arcdata/goes/grb/goes16/2020/2020_09_23_267/abi/L1b/RadF/OR_ABI-L1b-RadF-M6C??_G16_s2020267113016*.nc,
GOES-16,9/24/2020,2020268,21:30:20,Sharkfin,15,"-32,95","43,261,824",FD,http://data.ssec.wisc.edu/abi/imagery/GOES-16/20200924/fd/16panel/medium/16panel_2020268_213020_EAST?_FD_M6_B12345678910111213141516_0016PANELS.GIF,/arcdata/goes/grb/goes16/2020/2020_09_24_268/abi/L1b/RadF/OR_ABI-L1b-RadF-M6C??_G16_s2020268213020*.nc,
GOES-16,9/25/2020,2020269,13:00:20,Sharkfin,15,"-28,92","41,541,915",FD,http://data.ssec.wisc.edu/abi/imagery/GOES-16/20200925/fd/16panel/medium/16panel_2020269_130020_EAST?_FD_M6_B12345678910111213141516_0016PANELS.GIF,/arcdata/goes/grb/goes16/2020/2020_09_25_269/abi/L1b/RadF/OR_ABI-L1b-RadF-M6C??_G16_s2020269130020*.nc,
GOES-16,10/8/2020,2020282,10:40:18,large Sharkfin,13,"47,115","5,871,435",FD,http://data.ssec.wisc.edu/abi/imagery/GOES-16/20201008/fd/16panel/medium/16panel_2020282_104018_EAST?_FD_M6_B12345678910111213141516_0016PANELS.GIF,/arcdata/goes/grb/goes16/2020/2020_10_08_282/abi/L1b/RadF/OR_ABI-L1b-RadF-M6C??_G16_s2020282104018*.nc,
GOES-16,10/13/2020,2020287,5:30:17,Sharkfin,7,"-14,105","34,551,215",FD,http://data.ssec.wisc.edu/abi/imagery/GOES-16/20201013/fd/16panel/medium/16panel_2020287_053017_EAST?_FD_M6_B12345678910111213141516_0016PANELS.GIF,/arcdata/goes/grb/goes16/2020/2020_10_13_287/abi/L1b/RadF/OR_ABI-L1b-RadF-M6C??_G17_s2020287053017*.nc,
GOES-16,10/27/2020,2020301,21:20:19,Sharkfin,7,"-52,80","50,342,553",FD,http://data.ssec.wisc.edu/abi/imagery/GOES-16/20201027/fd/16panel/medium/16panel_2020301_212019_EAST?_FD_M6_B12345678910111213141516_0016PANELS.GIF,/arcdata/goes/grb/goes16/2020/2020_10_27_301/abi/L1b/RadF/OR_ABI-L1b-RadF-M6C??_G16_s2020301212019*.nc,
GOES-16,10/30/2020,2020304,22:30:18,Sharkfin,8,"-52,90","50,272,242",FD,http://data.ssec.wisc.edu/abi/imagery/GOES-16/20201030/fd/16panel/medium/16panel_2020304_223018_EAST?_FD_M6_B12345678910111213141516_0016PANELS.GIF,/arcdata/goes/grb/goes16/2020/2020_10_30_304/abi/L1b/RadF/OR_ABI-L1b-RadF-M6C??_G16_s2020304223018*.nc,
GOES-16,12/4/2020,2020339,17:30:13,Sharkfin-like feature,1,"-43,125","93,542,188",FD,http://data.ssec.wisc.edu/abi/imagery/GOES-16/20201204/fd/16panel/medium/16panel_2020339_173032_EAST?_FD_M6_B12345678910111213141516_0016PANELS.GIF,/arcdata/goes/grb/goes16/2020/2020_12_04_339/abi/L1b/RadF/OR_ABI-L1b-RadF-M6C??_G16_s2020339173032*.nc,
GOES-16,12/28/2020,2020363,6:00:21,Sharkfin,13,"-14,105","34,551,215",FD,http://data.ssec.wisc.edu/abi/imagery/GOES-16/20201228/fd/16panel/medium/16panel_2020363_063021_EAST?_FD_M6_B12345678910111213141516_0016PANELS.GIF,/arcdata/goes/grb/goes16/2020/2020_12_28_363/abi/L1b/RadF/OR_ABI-L1b-RadF-M6C??_G16_s2020363063021*.nc,
GOES-16,1/3/2021,2021003,4:50:20,Sharkfin,10,"14,95","19,591,674",FD,http://data.ssec.wisc.edu/abi/imagery/GOES-16/20210103/fd/16panel/medium/16panel_2021003_045020_EAST?_FD_M6_B12345678910111213141516_0016PANELS.GIF,/arcdata/goes/grb/goes16/2021/2021_01_03_003/abi/L1b/RadF/OR_ABI-L1b-RadF-M6C??_G16_s2021003045020*.nc,
GOES-16,1/6/2021,2021006,13:50:20,Sharkfin,11,"-58,70","51,752,846",FD,http://data.ssec.wisc.edu/abi/imagery/GOES-16/20210106/fd/16panel/medium/16panel_2021006_135020_EAST?_FD_M6_B12345678910111213141516_0016PANELS.GIF,/arcdata/goes/grb/goes16/2021/2021_01_06_006/abi/L1b/RadF/OR_ABI-L1b-RadF-M6C??_G16_s2021006135020*.nc,
GOES-16,1/6/2021,2021006,23:30:20,Sharkfin,11,"-58,70","51,752,846",FD,http://data.ssec.wisc.edu/abi/imagery/GOES-16/20210106/fd/16panel/medium/16panel_2021006_233020_EAST?_FD_M6_B12345678910111213141516_0016PANELS.GIF,/arcdata/goes/grb/goes16/2021/2021_01_06_006/abi/L1b/RadF/OR_ABI-L1b-RadF-M6C??_G16_s2021006233020*.nc,
GOES-16,1/15/2021,2021015,23:00:19,Sharkfin,13,"-44,95","47,821,975",FD,http://data.ssec.wisc.edu/abi/imagery/GOES-16/20210115/fd/16panel/medium/16panel_2021015_230019_EAST?_FD_M6_B12345678910111213141516_0016PANELS.GIF,/arcdata/goes/grb/goes16/2021/2021_01_15_015/abi/L1b/RadF/OR_ABI-L1b-RadF-M6C??_G16_s2021015230019*.nc,
GOES-16,1/19/2021,2021019,23:30:19,Sharkfin,8,"-59,80","51,962,581",FD,http://data.ssec.wisc.edu/abi/imagery/GOES-16/20210119/fd/16panel/medium/16panel_2021019_233019_EAST?_FD_M6_B12345678910111213141516_0016PANELS.GIF,/arcdata/goes/grb/goes16/2021/2021_01_19_019/abi/L1b/RadF/OR_ABI-L1b-RadF-M6C??_G16_s2021019233019*.nc,
GOES-16,1/25/2021,2021025,9:20:19,Sharkfin,11,"-35,85","44,612,276",FD,http://data.ssec.wisc.edu/abi/imagery/GOES-16/20210125/fd/16panel/medium/16panel_2021025_092019_EAST?_FD_M6_B12345678910111213141516_0016PANELS.GIF,/arcdata/goes/grb/goes16/2021/2021_01_25_025/abi/L1b/RadF/OR_ABI-L1b-RadF-M6C??_G16_s2021025092019*.nc,
GOES-17,12/14/2019,2019348,7:10:34,Sharkfin,11,"-24,165","39,551,398",FD,http://data.ssec.wisc.edu/abi/imagery/GOES-17/20191214/fd/16panel/medium/16panel_2019348_071034_WEST?_FD_M6_B12345678910111213141516_0016PANELS.GIF,/arcdata/goes/grb/goes17/2019/2019_12_14_348/abi/L1b/RadF/OR_ABI-L1b-RadF-M6C??_G17_s2019348071034*.nc,
GOES-17,12/14/2019,2019348,8:20:33,Sharkfin,15,"28,165","12,851,446",FD,http://data.ssec.wisc.edu/abi/imagery/GOES-17/20191214/fd/16panel/medium/16panel_2019348_082033_WEST?_FD_M6_B12345678910111213141516_0016PANELS.GIF,/arcdata/goes/grb/goes17/2019/2019_12_14_348/abi/L1b/RadF/OR_ABI-L1b-RadF-M6C??_G17_s2019348082033*.nc,
GOES-17,12/15/2019,2019349,16:50:34,Sharkfin,6,"-48,165","48,971,788",FD,http://data.ssec.wisc.edu/abi/imagery/GOES-17/20191215/fd/16panel/medium/16panel_2019349_165034_WEST?_FD_M6_B12345678910111213141516_0016PANELS.GIF,/arcdata/goes/grb/goes17/2019/2019_12_15_349/abi/L1b/RadF/OR_ABI-L1b-RadF-M6C??_G17_s2019349165034*.nc,
GOES-17,12/15/2019,2019349,16:50:34,Sharkfin,7,"-48,165","48,971,788",FD,http://data.ssec.wisc.edu/abi/imagery/GOES-17/20191215/fd/16panel/medium/16panel_2019349_165034_WEST?_FD_M6_B12345678910111213141516_0016PANELS.GIF,/arcdata/goes/grb/goes17/2019/2019_12_15_349/abi/L1b/RadF/OR_ABI-L1b-RadF-M6C??_G17_s2019349165034*.nc,
GOES-17,12/15/2019,2019349,16:50:34,Sharkfin,10,"-48,165","48,971,788",FD,http://data.ssec.wisc.edu/abi/imagery/GOES-17/20191215/fd/16panel/medium/16panel_2019349_165034_WEST?_FD_M6_B12345678910111213141516_0016PANELS.GIF,/arcdata/goes/grb/goes17/2019/2019_12_15_349/abi/L1b/RadF/OR_ABI-L1b-RadF-M6C??_G17_s2019349165034*.nc,
GOES-17,12/15/2019,2019349,16:50:34,Sharkfin,11,"-48,165","48,971,788",FD,http://data.ssec.wisc.edu/abi/imagery/GOES-17/20191215/fd/16panel/medium/16panel_2019349_165034_WEST?_FD_M6_B12345678910111213141516_0016PANELS.GIF,/arcdata/goes/grb/goes17/2019/2019_12_15_349/abi/L1b/RadF/OR_ABI-L1b-RadF-M6C??_G17_s2019349165034*.nc,
GOES-17,12/15/2019,2019349,18:50:34,Sharkfin,1,"-35,180","43,991,062",FD,http://data.ssec.wisc.edu/abi/imagery/GOES-17/20191215/fd/16panel/medium/16panel_2019349_185034_WEST?_FD_M6_B12345678910111213141516_0016PANELS.GIF,/arcdata/goes/grb/goes17/2019/2019_12_15_349/abi/L1b/RadF/OR_ABI-L1b-RadF-M6C??_G17_s2019349185034*.nc,
GOES-17,12/16/2019,2019350,4:30:34,Sharkfin,6,"-15,170","35,051,098",FD,http://data.ssec.wisc.edu/abi/imagery/GOES-17/20191216/fd/16panel/medium/16panel_2019350_043034_WEST?_FD_M6_B12345678910111213141516_0016PANELS.GIF,/arcdata/goes/grb/goes17/2019/2019_12_16_350/abi/L1b/RadF/OR_ABI-L1b-RadF-M6C??_G17_s2019350043034*.nc,
GOES-17,12/16/2019,2019350,10:00:34,Sharkfin,16,"29,155","12,251,878",FD,http://data.ssec.wisc.edu/abi/imagery/GOES-17/20191216/fd/16panel/medium/16panel_2019350_100034_WEST?_FD_M6_B12345678910111213141516_0016PANELS.GIF,/arcdata/goes/grb/goes17/2019/2019_12_16_350/abi/L1b/RadF/OR_ABI-L1b-RadF-M6C??_G17_s2019350100034*.nc,
GOES-17,12/16/2019,2019350,13:00:34,Sharkfin,16,"-25,170","3,991,121",FD,http://data.ssec.wisc.edu/abi/imagery/GOES-17/20191216/fd/16panel/medium/16panel_2019350_130034_WEST?_FD_M6_B12345678910111213141516_0016PANELS.GIF,/arcdata/goes/grb/goes17/2019/2019_12_16_350/abi/L1b/RadF/OR_ABI-L1b-RadF-M6C??_G17_s2019350130034*.nc,
GOES-17,12/16/2019,2019350,15:30:34,Sharkfin,10,"-15,180","3,487,732",FD,http://data.ssec.wisc.edu/abi/imagery/GOES-17/20191216/fd/16panel/medium/16panel_2019350_153034_WEST?_FD_M6_B12345678910111213141516_0016PANELS.GIF,/arcdata/goes/grb/goes17/2019/2019_12_16_350/abi/L1b/RadF/OR_ABI-L1b-RadF-M6C??_G17_s2019350153034*.nc,
GOES-17,12/16/2019,2019350,18:00:34,Sharkfin?,16,"-14,165","34,571,302",FD,http://data.ssec.wisc.edu/abi/imagery/GOES-17/20191216/fd/16panel/medium/16panel_2019350_180034_WEST?_FD_M6_B12345678910111213141516_0016PANELS.GIF,/arcdata/goes/grb/goes17/2019/2019_12_16_350/abi/L1b/RadF/OR_ABI-L1b-RadF-M6C??_G17_s2019350180034*.nc,
GOES-17,12/21/2019,2019355,3:20:32,Sharkfin,11,"-33,163","43,571,596",FD,http://data.ssec.wisc.edu/abi/imagery/GOES-17/20191221/fd/16panel/medium/16panel_2019355_032032_WEST?_FD_M6_B12345678910111213141516_0016PANELS.GIF,/arcdata/goes/grb/goes17/2019/2019_12_21_355/abi/L1b/RadF/OR_ABI-L1b-RadF-M6C??_G17_s2019355032032*.nc,
GOES-17,12/22/2019,2019356,8:30:32,Sharkfin,14,"-48,150","49,212,262",FD,http://data.ssec.wisc.edu/abi/imagery/GOES-17/20191222/fd/16panel/medium/16panel_2019356_083032_WEST?_FD_M6_B12345678910111213141516_0016PANELS.GIF,/arcdata/goes/grb/goes17/2019/2019_12_22_356/abi/L1b/RadF/OR_ABI-L1b-RadF-M6C??_G17_s2019356083032*.nc,
GOES-17,12/23/2019,2019357,22:50:33,Sharkfin,11,"-22,165","38,591,374",FD,http://data.ssec.wisc.edu/abi/imagery/GOES-17/20191223/fd/16panel/medium/16panel_2019357_225033_WEST?_FD_M6_B12345678910111213141516_0016PANELS.GIF,/arcdata/goes/grb/goes17/2019/2019_12_23_357/abi/L1b/RadF/OR_ABI-L1b-RadF-M6C??_G17_s2019357225033*.nc,
GOES-17,12/23/2019,2019357,22:50:33,Sharkfin,12,"-22,165","38,591,374",FD,http://data.ssec.wisc.edu/abi/imagery/GOES-17/20191223/fd/16panel/medium/16panel_2019357_225033_WEST?_FD_M6_B12345678910111213141516_0016PANELS.GIF,/arcdata/goes/grb/goes17/2019/2019_12_23_357/abi/L1b/RadF/OR_ABI-L1b-RadF-M6C??_G17_s2019357225033*.nc,
GOES-17,12/24/2019,2019358,4:00:33,Sharkfin,11,"29,168","12,491,344",FD,http://data.ssec.wisc.edu/abi/imagery/GOES-17/20191224/fd/16panel/medium/16panel_2019358_040033_WEST?_FD_M6_B12345678910111213141516_0016PANELS.GIF,/arcdata/goes/grb/goes17/2019/2019_12_24_358/abi/L1b/RadF/OR_ABI-L1b-RadF-M6C??_G17_s2019358040033*.nc,
GOES-17,12/24/2019,2019358,4:00:33,Sharkfin,12,"29,168","12,491,344",FD,http://data.ssec.wisc.edu/abi/imagery/GOES-17/20191224/fd/16panel/medium/16panel_2019358_040033_WEST?_FD_M6_B12345678910111213141516_0016PANELS.GIF,/arcdata/goes/grb/goes17/2019/2019_12_24_358/abi/L1b/RadF/OR_ABI-L1b-RadF-M6C??_G17_s2019358040033*.nc,
GOES-17,12/26/2019,2019360,9:50:34,Sharkfin,7,"29,155","12,251,878",FD,http://data.ssec.wisc.edu/abi/imagery/GOES-17/20191226/fd/16panel/medium/16panel_2019360_095034_WEST?_FD_M6_B12345678910111213141516_0016PANELS.GIF,/arcdata/goes/grb/goes17/2019/2019_12_26_360/abi/L1b/RadF/OR_ABI-L1b-RadF-M6C??_G17_s2019360095034*.nc,
GOES-17,12/26/2019,2019360,9:50:34,Sharkfin,16,"29,155","12,251,878",FD,http://data.ssec.wisc.edu/abi/imagery/GOES-17/20191226/fd/16panel/medium/16panel_2019360_095034_WEST?_FD_M6_B12345678910111213141516_0016PANELS.GIF,/arcdata/goes/grb/goes17/2019/2019_12_26_360/abi/L1b/RadF/OR_ABI-L1b-RadF-M6C??_G17_s2019360095034*.nc,
GOES-17,12/28/2019,2019362,6:40:34,Sharkfin,13,"28,160","12,791,656",FD,http://data.ssec.wisc.edu/abi/imagery/GOES-17/20191228/fd/16panel/medium/16panel_2019362_064034_WEST?_FD_M6_B12345678910111213141516_0016PANELS.GIF,/arcdata/goes/grb/goes17/2019/2019_12_28_362/abi/L1b/RadF/OR_ABI-L1b-RadF-M6C??_G17_s2019362064034*.nc,
GOES-17,1/16/2020,2020016,18:00:32,Sharkfin,13,"-50,150","49,752,286",FD,http://data.ssec.wisc.edu/abi/imagery/GOES-17/20200116/fd/16panel/medium/16panel_2020016_180032_WEST?_FD_M6_B12345678910111213141516_0016PANELS.GIF,/arcdata/goes/grb/goes17/2020/2020_01_16_016/abi/L1b/RadF/OR_ABI-L1b-RadF-M6C??_G17_s2020016180032*.nc,
GOES-17,1/16/2020,2020016,18:00:32,Sharkfin,14,"-50,150","49,752,286",FD,http://data.ssec.wisc.edu/abi/imagery/GOES-17/20200116/fd/16panel/medium/16panel_2020016_180032_WEST?_FD_M6_B12345678910111213141516_0016PANELS.GIF,/arcdata/goes/grb/goes17/2020/2020_01_16_016/abi/L1b/RadF/OR_ABI-L1b-RadF-M6C??_G17_s2020016180032*.nc,
GOES-17,1/18/2020,2020018,14:30:32,Sharkfin,8,"44,150","6,312,226",FD,http://data.ssec.wisc.edu/abi/imagery/GOES-17/20200118/fd/16panel/medium/16panel_2020018_143032_WEST?_FD_M6_B12345678910111213141516_0016PANELS.GIF,/arcdata/goes/grb/goes17/2020/2020_01_18_018/abi/L1b/RadF/OR_ABI-L1b-RadF-M6C??_G17_s2020018143032*.nc,
GOES-17,1/20/2020,2020020,6:30:32,Sharkfin,15,"37,165","9,071,584",FD,http://data.ssec.wisc.edu/abi/imagery/GOES-17/20200120/fd/16panel/medium/16panel_2020020_063032_WEST?_FD_M6_B12345678910111213141516_0016PANELS.GIF,/arcdata/goes/grb/goes17/2020/2020_01_20_020/abi/L1b/RadF/OR_ABI-L1b-RadF-M6C??_G17_s2020020063032*.nc,
GOES-17,1/21/2020,2020021,17:40:32,Sharkfin,16,"-48,150","49,212,262",FD,http://data.ssec.wisc.edu/abi/imagery/GOES-17/20200121/fd/16panel/medium/16panel_2020021_174032_WEST?_FD_M6_B12345678910111213141516_0016PANELS.GIF,/arcdata/goes/grb/goes17/2020/2020_01_21_021/abi/L1b/RadF/OR_ABI-L1b-RadF-M6C??_G17_s2020021174032*.nc,
GOES-17,1/25/2020,2020025,7:10:31,Sharkfin,10,"-48,150","49,212,262",FD,http://data.ssec.wisc.edu/abi/imagery/GOES-17/20200125/fd/16panel/medium/16panel_2020025_071031_WEST?_FD_M6_B12345678910111213141516_0016PANELS.GIF,/arcdata/goes/grb/goes17/2020/2020_01_25_025/abi/L1b/RadF/OR_ABI-L1b-RadF-M6C??_G17_s2020025071031*.nc,
GOES-17,1/31/2020,2020031,7:50:31,Sharkfin,15,"-47,150","48,852,256",FD,http://data.ssec.wisc.edu/abi/imagery/GOES-17/20200131/fd/16panel/medium/16panel_2020031_075031_WEST?_FD_M6_B12345678910111213141516_0016PANELS.GIF,/arcdata/goes/grb/goes17/2020/2020_01_31_031/abi/L1b/RadF/OR_ABI-L1b-RadF-M6C??_G17_s2020031075031*.nc,
GOES-17,2/2/2020,2020033,15:10:32,Sharkfin,7,"-46,150","48,552,244",FD,http://data.ssec.wisc.edu/abi/imagery/GOES-17/20200202/fd/16panel/medium/16panel_2020033_151032_WEST?_FD_M6_B12345678910111213141516_0016PANELS.GIF,/arcdata/goes/grb/goes17/2020/2020_02_02_033/abi/L1b/RadF/OR_ABI-L1b-RadF-M6C??_G17_s2020033151032*.nc,
GOES-17,2/2/2020,2020033,15:10:32,Sharkfin,8,"-46,150","48,552,244",FD,http://data.ssec.wisc.edu/abi/imagery/GOES-17/20200202/fd/16panel/medium/16panel_2020033_151032_WEST?_FD_M6_B12345678910111213141516_0016PANELS.GIF,/arcdata/goes/grb/goes17/2020/2020_02_02_033/abi/L1b/RadF/OR_ABI-L1b-RadF-M6C??_G17_s2020033151032*.nc,
GOES-17,2/2/2020,2020033,15:10:32,Sharkfin,15,"-46,150","48,552,244",FD,http://data.ssec.wisc.edu/abi/imagery/GOES-17/20200202/fd/16panel/medium/16panel_2020033_151032_WEST?_FD_M6_B12345678910111213141516_0016PANELS.GIF,/arcdata/goes/grb/goes17/2020/2020_02_02_033/abi/L1b/RadF/OR_ABI-L1b-RadF-M6C??_G17_s2020033151032*.nc,
GOES-17,2/2/2020,2020033,15:10:32,Sharkfin,16,"-46,150","48,552,244",FD,http://data.ssec.wisc.edu/abi/imagery/GOES-17/20200202/fd/16panel/medium/16panel_2020033_151032_WEST?_FD_M6_B12345678910111213141516_0016PANELS.GIF,/arcdata/goes/grb/goes17/2020/2020_02_02_033/abi/L1b/RadF/OR_ABI-L1b-RadF-M6C??_G17_s2020033151032*.nc,
GOES-17,2/3/2020,2020034,21:50:31,Sharkfin,10,"-47,150","48,852,256",FD,http://data.ssec.wisc.edu/abi/imagery/GOES-17/20200203/fd/16panel/medium/16panel_2020034_215031_WEST?_FD_M6_B12345678910111213141516_0016PANELS.GIF,/arcdata/goes/grb/goes17/2020/2020_02_03_034/abi/L1b/RadF/OR_ABI-L1b-RadF-M6C??_G17_s2020034215031*.nc,
GOES-17,2/3/2020,2020034,21:50:31,Sharkfin,11,"-47,150","48,852,256",FD,http://data.ssec.wisc.edu/abi/imagery/GOES-17/20200203/fd/16panel/medium/16panel_2020034_215031_WEST?_FD_M6_B12345678910111213141516_0016PANELS.GIF,/arcdata/goes/grb/goes17/2020/2020_02_03_034/abi/L1b/RadF/OR_ABI-L1b-RadF-M6C??_G17_s2020034215031*.nc,
GOES-17,2/8/2020,2020039,18:40:32,Sharkfin,10,"-15,165","35,111,308",FD,http://data.ssec.wisc.edu/abi/imagery/GOES-17/20200208/fd/16panel/medium/16panel_2020039_184032_WEST?_FD_M6_B12345678910111213141516_0016PANELS.GIF,/arcdata/goes/grb/goes17/2020/2020_02_08_039/abi/L1b/RadF/OR_ABI-L1b-RadF-M6C??_G17_s2020039184032*.nc,
GOES-17,2/8/2020,2020039,20:10:32,Sharkfin,7,"-22,155","38,711,824",FD,http://data.ssec.wisc.edu/abi/imagery/GOES-17/20200208/fd/16panel/medium/16panel_2020039_201032_WEST?_FD_M6_B12345678910111213141516_0016PANELS.GIF,/arcdata/goes/grb/goes17/2020/2020_02_08_039/abi/L1b/RadF/OR_ABI-L1b-RadF-M6C??_G17_s2020039201032*.nc,
GOES-17,2/8/2020,2020039,20:10:32,Sharkfin,16,"-22,155","38,711,824",FD,http://data.ssec.wisc.edu/abi/imagery/GOES-17/20200208/fd/16panel/medium/16panel_2020039_201032_WEST?_FD_M6_B12345678910111213141516_0016PANELS.GIF,/arcdata/goes/grb/goes17/2020/2020_02_08_039/abi/L1b/RadF/OR_ABI-L1b-RadF-M6C??_G17_s2020039201032*.nc,
GOES-17,2/9/2020,2020040,0:50:31,Sharkfin,10,"28,165","12,851,446",FD,http://data.ssec.wisc.edu/abi/imagery/GOES-17/20200209/fd/16panel/medium/16panel_2020040_005031_WEST?_FD_M6_B12345678910111213141516_0016PANELS.GIF,/arcdata/goes/grb/goes17/2020/2020_02_09_040/abi/L1b/RadF/OR_ABI-L1b-RadF-M6C??_G17_s2020040005031*.nc,
GOES-17,2/9/2020,2020040,4:10:31,Sharkfin,11,"15,165","19,151,308",FD,http://data.ssec.wisc.edu/abi/imagery/GOES-17/20200209/fd/16panel/medium/16panel_2020040_041031_WEST?_FD_M6_B12345678910111213141516_0016PANELS.GIF,/arcdata/goes/grb/goes17/2020/2020_02_09_040/abi/L1b/RadF/OR_ABI-L1b-RadF-M6C??_G17_s2020040041031*.nc,
GOES-17,2/9/2020,2020040,4:20:31,Sharkfin,15,"-22,160","38,651,590",FD,http://data.ssec.wisc.edu/abi/imagery/GOES-17/20200209/fd/16panel/medium/16panel_2020040_042031_WEST?_FD_M6_B12345678910111213141516_0016PANELS.GIF,/arcdata/goes/grb/goes17/2020/2020_02_09_040/abi/L1b/RadF/OR_ABI-L1b-RadF-M6C??_G17_s2020040042031*.nc,
GOES-17,2/9/2020,2020040,5:10:31,Sharkfin,15,"17,160","18,071,548",FD,http://data.ssec.wisc.edu/abi/imagery/GOES-17/20200209/fd/16panel/medium/16panel_2020040_051031_WEST?_FD_M6_B12345678910111213141516_0016PANELS.GIF,/arcdata/goes/grb/goes17/2020/2020_02_09_040/abi/L1b/RadF/OR_ABI-L1b-RadF-M6C??_G17_s2020040051031*.nc,
GOES-17,2/9/2020,2020040,6:20:31,Sharkfin?,5,"-22,-170","3811,540,",FD,http://data.ssec.wisc.edu/abi/imagery/GOES-17/20200209/fd/16panel/medium/16panel_2020040_062031_WEST?_FD_M6_B12345678910111213141516_0016PANELS.GIF,/arcdata/goes/grb/goes17/2020/2020_02_09_040/abi/L1b/RadF/OR_ABI-L1b-RadF-M6C??_G17_s2020040062031*.nc,
GOES-17,2/9/2020,2020040,6:20:31,Sharkfin?,11,"-5,165","29,831,260",FD,http://data.ssec.wisc.edu/abi/imagery/GOES-17/20200209/fd/16panel/medium/16panel_2020040_062031_WEST?_FD_M6_B12345678910111213141516_0016PANELS.GIF,/arcdata/goes/grb/goes17/2020/2020_02_09_040/abi/L1b/RadF/OR_ABI-L1b-RadF-M6C??_G17_s2020040062031*.nc,
GOES-17,2/9/2020,2020040,6:20:31,Sharkfin?,12,"-5,165","29,831,260",FD,http://data.ssec.wisc.edu/abi/imagery/GOES-17/20200209/fd/16panel/medium/16panel_2020040_062031_WEST?_FD_M6_B12345678910111213141516_0016PANELS.GIF,/arcdata/goes/grb/goes17/2020/2020_02_09_040/abi/L1b/RadF/OR_ABI-L1b-RadF-M6C??_G17_s2020040062031*.nc,
GOES-17,2/9/2020,2020040,6:30:31,Sharkfin?,5,"-22,-170","3,811,540",FD,http://data.ssec.wisc.edu/abi/imagery/GOES-17/20200209/fd/16panel/medium/16panel_2020040_063031_WEST?_FD_M6_B12345678910111213141516_0016PANELS.GIF,/arcdata/goes/grb/goes17/2020/2020_02_09_040/abi/L1b/RadF/OR_ABI-L1b-RadF-M6C??_G17_s2020040063031*.nc,
GOES-17,2/9/2020,2020040,7:10:31,Sharkfin,11,"-22,165","38,591,374",FD,http://data.ssec.wisc.edu/abi/imagery/GOES-17/20200209/fd/16panel/medium/16panel_2020040_071031_WEST?_FD_M6_B12345678910111213141516_0016PANELS.GIF,/arcdata/goes/grb/goes17/2020/2020_02_09_040/abi/L1b/RadF/OR_ABI-L1b-RadF-M6C??_G17_s2020040071031*.nc,
GOES-17,2/9/2020,2020040,7:20:31,Sharkfin,16,"-22,165","38,591,374",FD,http://data.ssec.wisc.edu/abi/imagery/GOES-17/20200209/fd/16panel/medium/16panel_2020040_072031_WEST?_FD_M6_B12345678910111213141516_0016PANELS.GIF,/arcdata/goes/grb/goes17/2020/2020_02_09_040/abi/L1b/RadF/OR_ABI-L1b-RadF-M6C??_G17_s2020040072031*.nc,
GOES-17,2/9/2020,2020040,16:30:32,Sharkfin,10,"-22,165","38,591,374",FD,http://data.ssec.wisc.edu/abi/imagery/GOES-17/20200209/fd/16panel/medium/16panel_2020040_163032_WEST?_FD_M6_B12345678910111213141516_0016PANELS.GIF,/arcdata/goes/grb/goes17/2020/2020_02_09_040/abi/L1b/RadF/OR_ABI-L1b-RadF-M6C??_G17_s2020040163032*.nc,
GOES-17,2/9/2020,2020040,17:10:32,Sharkfin,16,"-22,165","38,591,374",FD,http://data.ssec.wisc.edu/abi/imagery/GOES-17/20200209/fd/16panel/medium/16panel_2020040_171032_WEST?_FD_M6_B12345678910111213141516_0016PANELS.GIF,/arcdata/goes/grb/goes17/2020/2020_02_09_040/abi/L1b/RadF/OR_ABI-L1b-RadF-M6C??_G17_s2020040171032*.nc,
GOES-17,2/9/2020,2020040,18:00:32,Sharkfin,15,"18,165","17,651,338",FD,http://data.ssec.wisc.edu/abi/imagery/GOES-17/20200209/fd/16panel/medium/16panel_2020040_180032_WEST?_FD_M6_B12345678910111213141516_0016PANELS.GIF,/arcdata/goes/grb/goes17/2020/2020_02_09_040/abi/L1b/RadF/OR_ABI-L1b-RadF-M6C??_G17_s2020040180032*.nc,
GOES-17,2/9/2020,2020040,20:30:32,Sharkfin,14,"29,165","12,431,464",FD,http://data.ssec.wisc.edu/abi/imagery/GOES-17/20200209/fd/16panel/medium/16panel_2020040_202032_WEST?_FD_M6_B12345678910111213141516_0016PANELS.GIF,/arcdata/goes/grb/goes17/2020/2020_02_09_040/abi/L1b/RadF/OR_ABI-L1b-RadF-M6C??_G17_s2020040203032*.nc,
GOES-17,2/10/2020,2020041,1:20:31,Sharkfin,11,"-22,165","38,591,374",FD,http://data.ssec.wisc.edu/abi/imagery/GOES-17/20200210/fd/16panel/medium/16panel_2020041_012031_WEST?_FD_M6_B12345678910111213141516_0016PANELS.GIF,/arcdata/goes/grb/goes17/2020/2020_02_10_041/abi/L1b/RadF/OR_ABI-L1b-RadF-M6C??_G17_s2020041012031*.nc,
GOES-17,2/10/2020,2020041,1:20:31,Sharkfin,12,"-22,165","38,591,374",FD,http://data.ssec.wisc.edu/abi/imagery/GOES-17/20200210/fd/16panel/medium/16panel_2020041_012031_WEST?_FD_M6_B12345678910111213141516_0016PANELS.GIF,/arcdata/goes/grb/goes17/2020/2020_02_10_041/abi/L1b/RadF/OR_ABI-L1b-RadF-M6C??_G17_s2020041012031*.nc,
GOES-17,2/10/2020,2020041,2:00:31,Sharkfin,10,"-32,155","43,271,908",FD,http://data.ssec.wisc.edu/abi/imagery/GOES-17/20200210/fd/16panel/medium/16panel_2020041_020031_WEST?_FD_M6_B12345678910111213141516_0016PANELS.GIF,/arcdata/goes/grb/goes17/2020/2020_02_10_041/abi/L1b/RadF/OR_ABI-L1b-RadF-M6C??_G17_s2020041020031*.nc,
GOES-17,2/10/2020,2020041,2:10:31,Sharkfin,6,"-23,165","39,071,386",FD,http://data.ssec.wisc.edu/abi/imagery/GOES-17/20200210/fd/16panel/medium/16panel_2020041_021031_WEST?_FD_M6_B12345678910111213141516_0016PANELS.GIF,/arcdata/goes/grb/goes17/2020/2020_02_10_041/abi/L1b/RadF/OR_ABI-L1b-RadF-M6C??_G17_s2020041021031*.nc,
GOES-17,2/10/2020,2020041,2:10:31,Sharkfin,10,"28,165","12,851,446",FD,http://data.ssec.wisc.edu/abi/imagery/GOES-17/20200210/fd/16panel/medium/16panel_2020041_021031_WEST?_FD_M6_B12345678910111213141516_0016PANELS.GIF,/arcdata/goes/grb/goes17/2020/2020_02_10_041/abi/L1b/RadF/OR_ABI-L1b-RadF-M6C??_G17_s2020041021031*.nc,
GOES-17,2/10/2020,2020041,7:50:31,Sharkfin,10,"-22,165","38,591,374",FD,http://data.ssec.wisc.edu/abi/imagery/GOES-17/20200210/fd/16panel/medium/16panel_2020041_075031_WEST?_FD_M6_B12345678910111213141516_0016PANELS.GIF,/arcdata/goes/grb/goes17/2020/2020_02_10_041/abi/L1b/RadF/OR_ABI-L1b-RadF-M6C??_G17_s2020041075031*.nc,
GOES-17,2/16/2020,2020047,19:20:32,Sharkfin,16,"-47,145","48,912,430",FD,http://data.ssec.wisc.edu/abi/imagery/GOES-17/20200216/fd/16panel/medium/16panel_2020047_192032_WEST?_FD_M6_B12345678910111213141516_0016PANELS.GIF,/arcdata/goes/grb/goes17/2020/2020_02_16_047/abi/L1b/RadF/OR_ABI-L1b-RadF-M6C??_G17_s2020047192032*.nc,
GOES-17,2/17/2020,2020048,7:50:31,Sharkfin,14,"-48,150","49,212,262",FD,http://data.ssec.wisc.edu/abi/imagery/GOES-17/20200217/fd/16panel/medium/16panel_2020048_075031_WEST?_FD_M6_B12345678910111213141516_0016PANELS.GIF,/arcdata/goes/grb/goes17/2020/2020_02_17_048/abi/L1b/RadF/OR_ABI-L1b-RadF-M6C??_G17_s2020048075031*.nc,
GOES-17,2/17/2020,2020048,7:50:31,Sharkfin,15,"-48,150","49,212,262",FD,http://data.ssec.wisc.edu/abi/imagery/GOES-17/20200217/fd/16panel/medium/16panel_2020048_075031_WEST?_FD_M6_B12345678910111213141516_0016PANELS.GIF,/arcdata/goes/grb/goes17/2020/2020_02_17_048/abi/L1b/RadF/OR_ABI-L1b-RadF-M6C??_G17_s2020048075031*.nc,
GOES-17,2/18/2020,2020049,0:30:31,Sharkfin,12,"-47,160","48,731,920",FD,http://data.ssec.wisc.edu/abi/imagery/GOES-17/20200218/fd/16panel/medium/16panel_2020049_003031_WEST?_FD_M6_B12345678910111213141516_0016PANELS.GIF,/arcdata/goes/grb/goes17/2020/2020_02_18_049/abi/L1b/RadF/OR_ABI-L1b-RadF-M6C??_G17_s2020049003031*.nc,
GOES-17,2/19/2020,2020050,21:20:31,Sharkfin,9,"43,165","6,911,692",FD,http://data.ssec.wisc.edu/abi/imagery/GOES-17/20200219/fd/16panel/medium/16panel_2020050_212031_WEST?_FD_M6_B12345678910111213141516_0016PANELS.GIF,/arcdata/goes/grb/goes17/2020/2020_02_19_050/abi/L1b/RadF/OR_ABI-L1b-RadF-M6C??_G17_s2020050212031*.nc,
GOES-17,2/20/2020,2020051,18:15:31,Sharkfin,12,"-47,160","48,731,920",FD,http://data.ssec.wisc.edu/abi/imagery/GOES-17/20200220/fd/16panel/medium/16panel_2020051_181531_WEST?_FD_M3_B12345678910111213141516_0016PANELS.GIF,/arcdata/goes/grb/goes17/2020/2020_02_20_051/abi/L1b/RadF/OR_ABI-L1b-RadF-M3C??_G17_s2020051181531*.nc,
GOES-17,4/2/2020,2020093,18:40:32,Sharkfin,16,"-47,150","48,852,256",FD,http://data.ssec.wisc.edu/abi/imagery/GOES-17/20200402/fd/16panel/medium/16panel_2020093_184032_WEST?_FD_M6_B12345678910111213141516_0016PANELS.GIF,/arcdata/goes/grb/goes17/2020/2020_04_02_093/abi/L1b/RadF/OR_ABI-L1b-RadF-M6C??_G17_s2020093184032*.nc,
GOES-17,4/5/2020,2020096,14:00:32,Sharkfin?,9,"60,130","2,112,892",FD,http://data.ssec.wisc.edu/abi/imagery/GOES-17/20200405/fd/16panel/medium/16panel_2020096_140032_WEST?_FD_M6_B12345678910111213141516_0016PANELS.GIF,/arcdata/goes/grb/goes17/2020/2020_04_05_096/abi/L1b/RadF/OR_ABI-L1b-RadF-M6C??_G17_s2020096140032*.nc,
GOES-17,4/8/2020,2020099,18:40:32,Sharkfin,7,"15,165","19,151,308",FD,http://data.ssec.wisc.edu/abi/imagery/GOES-17/20200408/fd/16panel/medium/16panel_2020099_184032_WEST?_FD_M6_B12345678910111213141516_0016PANELS.GIF,/arcdata/goes/grb/goes17/2020/2020_04_08_099/abi/L1b/RadF/OR_ABI-L1b-RadF-M6C??_G17_s2020099184032*.nc,
GOES-17,4/13/2020,2020104,3:40:31,Sharkfin,14,"48,153","5,112,166",FD,http://data.ssec.wisc.edu/abi/imagery/GOES-17/20200413/fd/16panel/medium/16panel_2020104_034031_WEST?_FD_M6_B12345678910111213141516_0016PANELS.GIF,/arcdata/goes/grb/goes17/2020/2020_04_13_104/abi/L1b/RadF/OR_ABI-L1b-RadF-M6C??_G17_s2020104034031*.nc,
GOES-17,4/14/2020,2020105,1:10:31,Sharkfins,14,"-47,150","48,852,256",FD,http://data.ssec.wisc.edu/abi/imagery/GOES-17/20200414/fd/16panel/medium/16panel_2020105_011031_WEST?_FD_M6_B12345678910111213141516_0016PANELS.GIF,/arcdata/goes/grb/goes17/2020/2020_04_14_105/abi/L1b/RadF/OR_ABI-L1b-RadF-M6C??_G17_s2020105011031*.nc,
GOES-17,4/14/2020,2020105,1:10:31,Sharkfins,16,"-47,150","48,852,256",FD,http://data.ssec.wisc.edu/abi/imagery/GOES-17/20200414/fd/16panel/medium/16panel_2020105_011031_WEST?_FD_M6_B12345678910111213141516_0016PANELS.GIF,/arcdata/goes/grb/goes17/2020/2020_04_14_105/abi/L1b/RadF/OR_ABI-L1b-RadF-M6C??_G17_s2020105011031*.nc,
GOES-17,4/14/2020,2020105,1:10:31,Sharkfin?,15,"-47,150","48,852,256",FD,http://data.ssec.wisc.edu/abi/imagery/GOES-17/20200414/fd/16panel/medium/16panel_2020105_011031_WEST?_FD_M6_B12345678910111213141516_0016PANELS.GIF,/arcdata/goes/grb/goes17/2020/2020_04_14_105/abi/L1b/RadF/OR_ABI-L1b-RadF-M6C??_G17_s2020105011031*.nc,
GOES-17,4/21/2020,2020112,20:00:32,Sharkfin?,15,"-30,180","4,195,960",FD,http://data.ssec.wisc.edu/abi/imagery/GOES-17/20200421/fd/16panel/medium/16panel_2020112_200032_WEST?_FD_M6_B12345678910111213141516_0016PANELS.GIF,/arcdata/goes/grb/goes17/2020/2020_04_21_112/abi/L1b/RadF/OR_ABI-L1b-RadF-M6C??_G17_s2020112200032*.nc,
GOES-17,4/22/2020,2020113,15:50:32,Sharkfin?,15,"-70,135","53,592,748",FD,http://data.ssec.wisc.edu/abi/imagery/GOES-17/20200422/fd/16panel/medium/16panel_2020113_155032_WEST?_FD_M6_B12345678910111213141516_0016PANELS.GIF,/arcdata/goes/grb/goes17/2020/2020_04_22_113/abi/L1b/RadF/OR_ABI-L1b-RadF-M6C??_G17_s2020113155032*.nc,
GOES-17,5/6/2020,2020127,5:20:31,Sharkfin,7,"43,170","7,031,536",FD,http://data.ssec.wisc.edu/abi/imagery/GOES-17/20200506/fd/16panel/medium/16panel_2020127_052031_WEST?_FD_M6_B12345678910111213141516_0016PANELS.GIF,/arcdata/goes/grb/goes17/2020/2020_05_06_127/abi/L1b/RadF/OR_ABI-L1b-RadF-M6C??_G17_s2020127052031*.nc,
GOES-17,5/7/2020,2020128,19:50:32,unusual feature,11,"-15,170","35,051,098",FD,http://data.ssec.wisc.edu/abi/imagery/GOES-17/20200507/fd/16panel/medium/16panel_2020128_195032_WEST?_FD_M6_B12345678910111213141516_0016PANELS.GIF,/arcdata/goes/grb/goes17/2020/2020_05_07_128/abi/L1b/RadF/OR_ABI-L1b-RadF-M6C??_G17_s2020128195032*.nc,
GOES-17,5/7/2020,2020128,21:00:31,Sharkfin?,8,"-35,165","44,351,554",FD,http://data.ssec.wisc.edu/abi/imagery/GOES-17/20200507/fd/16panel/medium/16panel_2020128_210031_WEST?_FD_M6_B12345678910111213141516_0016PANELS.GIF,/arcdata/goes/grb/goes17/2020/2020_05_07_128/abi/L1b/RadF/OR_ABI-L1b-RadF-M6C??_G17_s2020128210031*.nc,
GOES-17,5/25/2020,2020146,18:00:32,Sharkfin?,12,"-60,135","52,152,766",FD,http://data.ssec.wisc.edu/abi/imagery/GOES-17/20200525/fd/16panel/medium/16panel_2020146_180032_WEST?_FD_M6_B12345678910111213141516_0016PANELS.GIF,/arcdata/goes/grb/goes17/2020/2020_05_25_146/abi/L1b/RadF/OR_ABI-L1b-RadF-M6C??_G17_s2020146180032*.nc,
GOES-17,5/30/2020,2020151,14:20:32,Sharkfin,9,"-48,150","49,212,262",FD,http://data.ssec.wisc.edu/abi/imagery/GOES-17/20200530/fd/16panel/medium/16panel_2020151_142032_WEST?_FD_M6_B12345678910111213141516_0016PANELS.GIF,/arcdata/goes/grb/goes17/2020/2020_05_30_151/abi/L1b/RadF/OR_ABI-L1b-RadF-M6C??_G17_s2020151142032*.nc,
GOES-17,6/27/2020,2020179,9:10:32,Sharkfin?,11,"23,152","15,011,968",FD,http://data.ssec.wisc.edu/abi/imagery/GOES-17/20200627/fd/16panel/medium/16panel_2020179_091032_WEST?_FD_M6_B12345678910111213141516_0016PANELS.GIF,/arcdata/goes/grb/goes17/2020/2020_06_27_179/abi/L1b/RadF/OR_ABI-L1b-RadF-M6C??_G17_s2020179091032*.nc,
GOES-17,6/27/2020,2020179,9:10:32,Sharkfin?,12,"23,152","15,011,968",FD,http://data.ssec.wisc.edu/abi/imagery/GOES-17/20200627/fd/16panel/medium/16panel_2020179_091032_WEST?_FD_M6_B12345678910111213141516_0016PANELS.GIF,/arcdata/goes/grb/goes17/2020/2020_06_27_179/abi/L1b/RadF/OR_ABI-L1b-RadF-M6C??_G17_s2020179091032*.nc,
GOES-17,6/28/2020,2020180,17:20:32,Sharkfin,9,"-48,160","49,031,938",FD,http://data.ssec.wisc.edu/abi/imagery/GOES-17/20200628/fd/16panel/medium/16panel_2020180_172032_WEST?_FD_M6_B12345678910111213141516_0016PANELS.GIF,/arcdata/goes/grb/goes17/2020/2020_06_28_180/abi/L1b/RadF/OR_ABI-L1b-RadF-M6C??_G17_s2020180172032*.nc,
GOES-17,8/19/2020,2020232,4:20:31,Sharkfin,16,"44,155","6,372,046",FD,http://data.ssec.wisc.edu/abi/imagery/GOES-17/20200819/fd/16panel/medium/16panel_2020232_042031_WEST?_FD_M6_B12345678910111213141516_0016PANELS.GIF,/arcdata/goes/grb/goes17/2020/2020_08_19_232/abi/L1b/RadF/OR_ABI-L1b-RadF-M6C??_G17_s2020232042031*.nc,
GOES-17,9/5/2020,2020249,1:20:31,Sharkfin?,11,"-43,150","47,592,220",FD,http://data.ssec.wisc.edu/abi/imagery/GOES-17/20200905/fd/16panel/medium/16panel_2020249_012031_WEST?_FD_M6_B12345678910111213141516_0016PANELS.GIF,/arcdata/goes/grb/goes17/2020/2020_09_05_249/abi/L1b/RadF/OR_ABI-L1b-RadF-M6C??_G17_s2020249012031*.nc,
GOES-17,9/5/2020,2020249,1:20:31,Sharkfin?,12,"-43,150","47,592,220",FD,http://data.ssec.wisc.edu/abi/imagery/GOES-17/20200905/fd/16panel/medium/16panel_2020249_012031_WEST?_FD_M6_B12345678910111213141516_0016PANELS.GIF,/arcdata/goes/grb/goes17/2020/2020_09_05_249/abi/L1b/RadF/OR_ABI-L1b-RadF-M6C??_G17_s2020249012031*.nc,
GOES-17,9/6/2020,2020250,2:20:31,Sharkfin,10,"58,135","2,472,766",FD,http://data.ssec.wisc.edu/abi/imagery/GOES-17/20200906/fd/16panel/medium/16panel_2020250_022031_WEST?_FD_M6_B12345678910111213141516_0016PANELS.GIF,/arcdata/goes/grb/goes17/2020/2020_09_06_250/abi/L1b/RadF/OR_ABI-L1b-RadF-M6C??_G17_s2020250022031*.nc,
GOES-17,9/6/2020,2020250,2:20:31,Sharkfin,11,"58,135","2,472,766",FD,http://data.ssec.wisc.edu/abi/imagery/GOES-17/20200906/fd/16panel/medium/16panel_2020250_022031_WEST?_FD_M6_B12345678910111213141516_0016PANELS.GIF,/arcdata/goes/grb/goes17/2020/2020_09_06_250/abi/L1b/RadF/OR_ABI-L1b-RadF-M6C??_G17_s2020250022031*.nc,
GOES-17,9/6/2020,2020250,2:20:31,Sharkfin,12,"58,135","2,472,766",FD,http://data.ssec.wisc.edu/abi/imagery/GOES-17/20200906/fd/16panel/medium/16panel_2020250_022031_WEST?_FD_M6_B12345678910111213141516_0016PANELS.GIF,/arcdata/goes/grb/goes17/2020/2020_09_06_250/abi/L1b/RadF/OR_ABI-L1b-RadF-M6C??_G17_s2020250022031*.nc,
GOES-17,9/13/2020,2020257,17:00:32,Sharkfin,12,"-50,155","49,692,124",FD,http://data.ssec.wisc.edu/abi/imagery/GOES-17/20200913/fd/16panel/medium/16panel_2020257_170032_WEST?_FD_M6_B12345678910111213141516_0016PANELS.GIF,/arcdata/goes/grb/goes17/2020/2020_09_13_257/abi/L1b/RadF/OR_ABI-L1b-RadF-M6C??_G17_s2020257170032*.nc,
GOES-17,9/20/2020,2020264,7:00:31,Sharkfin,10,"57,150","2,742,354",FD,http://data.ssec.wisc.edu/abi/imagery/GOES-16/20200920/fd/16panel/medium/16panel_2020264_070031_EAST?_FD_M6_B12345678910111213141516_0016PANELS.GIF,/arcdata/goes/grb/goes16/2020/2020_09_20_264/abi/L1b/RadF/OR_ABI-L1b-RadF-M6C??_G16_s2020264070031*.nc,
GOES-17,9/23/2020,2020267,10:50:32,Sharkfin,13,"58,130","2,492,900",FD,http://data.ssec.wisc.edu/abi/imagery/GOES-17/20200923/fd/16panel/medium/16panel_2020267_105032_WEST?_FD_M6_B12345678910111213141516_0016PANELS.GIF,/arcdata/goes/grb/goes17/2020/2020_09_23_267/abi/L1b/RadF/OR_ABI-L1b-RadF-M6C??_G17_s2020267105032*.nc,
GOES-17,9/25/2020,2020269,20:50:32,a feature similar to a Sharkfin,8,"57,135","2,682,767",FD,http://data.ssec.wisc.edu/abi/imagery/GOES-17/20200925/fd/16panel/medium/16panel_2020269_205032_WEST?_FD_M6_B12345678910111213141516_0016PANELS.GIF,/arcdata/goes/grb/goes17/2020/2020_09_25_269/abi/L1b/RadF/OR_ABI-L1b-RadF-M6C??_G17_s2020269205032*.nc,
GOES-17,9/26/2020,2020270,20:40:32,BLACK Sharkfin,5,"37,-170",,FD,http://data.ssec.wisc.edu/abi/imagery/GOES-17/20200926/fd/16panel/medium/16panel_2020270_204032_WEST?_FD_M6_B12345678910111213141516_0016PANELS.GIF,/arcdata/goes/grb/goes17/2020/2020_09_26_270/abi/L1b/RadF/OR_ABI-L1b-RadF-M6C??_G17_s2020270204032*.nc,
GOES-17,9/28/2020,2020272,6:10:31,Sharkfin,15,"7,162","23,331,403",FD,http://data.ssec.wisc.edu/abi/imagery/GOES-17/20200928/fd/16panel/medium/16panel_2020272_061031_WEST?_FD_M6_B12345678910111213141516_0016PANELS.GIF,/arcdata/goes/grb/goes17/2020/2020_09_28_272/abi/L1b/RadF/OR_ABI-L1b-RadF-M6C??_G17_s2020272061031*.nc,
GOES-17,9/28/2020,2020272,15:20:32,Sharkfin-like feature,16,"60,135","2,082,762",FD,http://data.ssec.wisc.edu/abi/imagery/GOES-17/20200928/fd/16panel/medium/16panel_2020272_152032_WEST?_FD_M6_B12345678910111213141516_0016PANELS.GIF,/arcdata/goes/grb/goes17/2020/2020_09_28_272/abi/L1b/RadF/OR_ABI-L1b-RadF-M6C??_G17_s2020272152032*.nc,
GOES-17,9/30/2020,2020274,3:20:31,Sharkfin,7,"-32,160","43,211,701",FD,http://data.ssec.wisc.edu/abi/imagery/GOES-17/20200930/fd/16panel/medium/16panel_2020274_032031_WEST?_FD_M6_B12345678910111213141516_0016PANELS.GIF,/arcdata/goes/grb/goes17/2020/2020_09_30_274/abi/L1b/RadF/OR_ABI-L1b-RadF-M6C??_G17_s2020274032031*.nc,
GOES-17,10/2/2020,2020276,21:40:31,Sharkfin-like feature,15,"62,130","1,732,877",FD,http://data.ssec.wisc.edu/abi/imagery/GOES-17/20201002/fd/16panel/medium/16panel_2020276_214031_WEST?_FD_M6_B12345678910111213141516_0016PANELS.GIF,/arcdata/goes/grb/goes17/2020/2020_10_02_276/abi/L1b/RadF/OR_ABI-L1b-RadF-M6C??_G17_s2020276214031*.nc,
GOES-17,10/3/2020,2020277,21:40:31,Sharkfin-like feature,9,"-17,155","36,211,788",FD,FD,http://data.ssec.wisc.edu/abi/imagery/GOES-17/20201003/fd/16panel/medium/16panel_2020277_214031_WEST?_FD_M6_B12345678910111213141516_0016PANELS.GIF,/arcdata/goes/grb/goes17/2020/2020_10_03_277/abi/L1b/RadF/OR_ABI-L1b-RadF-M6C??_G17_s2020277214031*.nc
GOES-17,10/4/2020,2020278,17:00:32,Sharkfin-like feature,15,"52,142","3,892,553",FD,FD,http://data.ssec.wisc.edu/abi/imagery/GOES-17/20201004/fd/16panel/medium/16panel_2020278_170032_WEST?_FD_M6_B12345678910111213141516_0016PANELS.GIF,/arcdata/goes/grb/goes17/2020/2020_10_04_278/abi/L1b/RadF/OR_ABI-L1b-RadF-M6C??_G17_s2020278170032*.nc
GOES-17,10/5/2020,2020279,8:00:31,Sharkfin,7,"48,147","5,042,365",FD,http://data.ssec.wisc.edu/abi/imagery/GOES-17/20201005/fd/16panel/medium/16panel_2020279_080031_WEST?_FD_M6_B12345678910111213141516_0016PANELS.GIF,/arcdata/goes/grb/goes17/2020/2020_10_05_279/abi/L1b/RadF/OR_ABI-L1b-RadF-M6C??_G17_s2020279080031*.nc,
GOES-17,10/5/2020,2020279,8:00:31,small Sharkfin-like feature,8,"48,140","5,002,607",FD,http://data.ssec.wisc.edu/abi/imagery/GOES-17/20201005/fd/16panel/medium/16panel_2020279_080031_WEST?_FD_M6_B12345678910111213141516_0016PANELS.GIF,/arcdata/goes/grb/goes17/2020/2020_10_05_279/abi/L1b/RadF/OR_ABI-L1b-RadF-M6C??_G17_s2020279080031*.nc,
GOES-17,10/5/2020,2020279,13:10:32,Sharkfin,14,"15,165","19,151,309",FD,http://data.ssec.wisc.edu/abi/imagery/GOES-17/20201005/fd/16panel/medium/16panel_2020279_131032_WEST?_FD_M6_B12345678910111213141516_0016PANELS.GIF,/arcdata/goes/grb/goes17/2020/2020_10_05_279/abi/L1b/RadF/OR_ABI-L1b-RadF-M6C??_G17_s2020279131032*.nc,
GOES-17,10/5/2020,2020279,17:10:32,Sharkfin,8,"39,160","8,221,796",FD,http://data.ssec.wisc.edu/abi/imagery/GOES-17/20201005/fd/16panel/medium/16panel_2020279_171032_WEST?_FD_M6_B12345678910111213141516_0016PANELS.GIF,/arcdata/goes/grb/goes17/2020/2020_10_05_279/abi/L1b/RadF/OR_ABI-L1b-RadF-M6C??_G17_s2020279171032*.nc,
GOES-17,10/5/2020,2020279,17:10:32,Sharkfin,9,"44,165","6,551,708",FD,http://data.ssec.wisc.edu/abi/imagery/GOES-17/20201005/fd/16panel/medium/16panel_2020279_171032_WEST?_FD_M6_B12345678910111213141516_0016PANELS.GIF,/arcdata/goes/grb/goes17/2020/2020_10_05_279/abi/L1b/RadF/OR_ABI-L1b-RadF-M6C??_G17_s2020279171032*.nc,
GOES-17,10/5/2020,2020279,22:30:31,Sharkfin,3,"43,180","14,512,511",FD,http://data.ssec.wisc.edu/abi/imagery/GOES-17/20201005/fd/16panel/medium/16panel_2020279_223031_WEST?_FD_M6_B12345678910111213141516_0016PANELS.GIF,/arcdata/goes/grb/goes17/2020/2020_10_05_279/abi/L1b/RadF/OR_ABI-L1b-RadF-M6C??_G17_s2020279223031*.nc,
GOES-17,10/5/2020,2020279,22:30:31,Sharkfin,4,"41.5,165","7,411,662",FD,http://data.ssec.wisc.edu/abi/imagery/GOES-17/20201005/fd/16panel/medium/16panel_2020279_223031_WEST?_FD_M6_B12345678910111213141516_0016PANELS.GIF,/arcdata/goes/grb/goes17/2020/2020_10_05_279/abi/L1b/RadF/OR_ABI-L1b-RadF-M6C??_G17_s2020279223031*.nc,
GOES-17,10/6/2020,2020280,21:20:31,Sharkfin,4,"-32,163","43,161,582",FD,http://data.ssec.wisc.edu/abi/imagery/GOES-17/20201006/fd/16panel/medium/16panel_2020280_212031_WEST?_FD_M6_B12345678910111213141516_0016PANELS.GIF,/arcdata/goes/grb/goes17/2020/2020_10_06_280/abi/L1b/RadF/OR_ABI-L1b-RadF-M6C??_G17_s2020280212031*.nc,
GOES-17,10/10/2020,2020284,13:20:32,Sharkfin,8,"-29,155","41,981,879",FD,http://data.ssec.wisc.edu/abi/imagery/GOES-17/20201010/fd/16panel/medium/16panel_2020284_132032_WEST?_FD_M6_B12345678910111213141516_0016PANELS.GIF,/arcdata/goes/grb/goes17/2020/2020_10_10_284/abi/L1b/RadF/OR_ABI-L1b-RadF-M6C??_G17_s2020284132032*.nc,
GOES-17,10/10/2020,2020284,14:10:32,Sharkfin-like features,8,"68,105","1,093,270",FD,http://data.ssec.wisc.edu/abi/imagery/GOES-17/20201010/fd/16panel/medium/16panel_2020284_141032_WEST?_FD_M6_B12345678910111213141516_0016PANELS.GIF,/arcdata/goes/grb/goes17/2020/2020_10_10_284/abi/L1b/RadF/OR_ABI-L1b-RadF-M6C??_G17_s2020284141032*.nc,
GOES-17,10/13/2020,2020287,2:20:31,Sharkfin,10,"-14,165","34,571,302",FD,http://data.ssec.wisc.edu/abi/imagery/GOES-17/20201013/fd/16panel/medium/16panel_2020287_022031_WEST?_FD_M6_B12345678910111213141516_0016PANELS.GIF,/arcdata/goes/grb/goes17/2020/2020_10_13_287/abi/L1b/RadF/OR_ABI-L1b-RadF-M6C??_G17_s2020287022031*.nc,
GOES-17,11/21/2020,2020326,7:50:31,Sharkfin,12,"-52,165","50,081,867",FD,http://data.ssec.wisc.edu/abi/imagery/GOES-17/20201121/fd/16panel/medium/16panel_2020326_075031_WEST?_FD_M6_B12345678910111213141516_0016PANELS.GIF,/arcdata/goes/grb/goes17/2020/2020_11_21_326/abi/L1b/RadF/OR_ABI-L1b-RadF-M6C??_G17_s2020326075031*.nc,
GOES-17,12/17/2020,2020352,16:40:32,Sharkfin,10,"-33,160","43,631,714",FD,http://data.ssec.wisc.edu/abi/imagery/GOES-17/20201217/fd/16panel/medium/16panel_2020352_164032_WEST?_FD_M6_B12345678910111213141516_0016PANELS.GIF,/arcdata/goes/grb/goes17/2020/2020_12_17_352/abi/L1b/RadF/OR_ABI-L1b-RadF-M6C??_G17_s2020352164032*.nc,
GOES-17,1/14/2021,2021014,4:10:32,Sharkfin,14,"-52,150","50,292,303",FD,http://data.ssec.wisc.edu/abi/imagery/GOES-17/20210114/fd/16panel/medium/16panel_2021014_041032_WEST?_FD_M6_B12345678910111213141516_0016PANELS.GIF,/arcdata/goes/grb/goes17/2021/2021_01_14_014/abi/L1b/RadF/OR_ABI-L1b-RadF-M6C??_G17_s2021014041032*.nc,
GOES-17,1/24/2021,2021024,20:40:32,Sharkfin,8,"-48,150","49,172,263",FD,http://data.ssec.wisc.edu/abi/imagery/GOES-17/20210124/fd/16panel/medium/16panel_2021024_204032_WEST?_FD_M6_B12345678910111213141516_0016PANELS.GIF,/arcdata/goes/grb/goes17/2021/2021_01_24_024/abi/L1b/RadF/OR_ABI-L1b-RadF-M6C??_G17_s2021024204032*.nc,
GOES-17,2/2/2021,2021033,0:10:31,Sharkfin,9,"-47,150","48,872,254",FD,http://data.ssec.wisc.edu/abi/imagery/GOES-17/20210202/fd/16panel/medium/16panel_2021033_001031_WEST?_FD_M6_B12345678910111213141516_0016PANELS.GIF,/arcdata/goes/grb/goes17/2021/2021_02_02_033/abi/L1b/RadF/OR_ABI-L1b-RadF-M6C??_G17_s2021033001031*.nc,