Satellite,Day (human),Day (ordinal),Start Time (UTC),Band(s),Main Artifact,2nd Artifact,Comments,Lat/Lon,Line/Element,16-panel Imagery Link,Level-1b Path
GOES-17,12/14/2019,2019348,07:10:34,11,Sharkfin,,FD,"24S,165W","3955,1398",http://data.ssec.wisc.edu/abi/imagery/GOES-17/20191214/fd/16panel/medium/16panel_2019348_071034_WESTA_FD_M6_B12345678910111213141516_0016PANELS.GIF,/arcdata/goes/grb/goes17/2019/2019_12_14_348/abi/L1b/RadF/OR_ABI-L1b-RadF-M6C??_G17_s2019348071034*.nc
GOES-17,12/14/2019,2019348,08:20:33,15,Sharkfin,,FD,"28N,165W","1285,1446",http://data.ssec.wisc.edu/abi/imagery/GOES-17/20191214/fd/16panel/medium/16panel_2019348_082033_WESTA_FD_M6_B12345678910111213141516_0016PANELS.GIF,/arcdata/goes/grb/goes17/2019/2019_12_14_348/abi/L1b/RadF/OR_ABI-L1b-RadF-M6C??_G17_s2019348082033*.nc
GOES-17,12/15/2019,2019349,16:50:34,"6,7,10,11",Sharkfin,,FD,"48S,165W","4897,1788",http://data.ssec.wisc.edu/abi/imagery/GOES-17/20191215/fd/16panel/medium/16panel_2019349_165034_WESTA_FD_M6_B12345678910111213141516_0016PANELS.GIF,/arcdata/goes/grb/goes17/2019/2019_12_15_349/abi/L1b/RadF/OR_ABI-L1b-RadF-M6C??_G17_s2019349165034*.nc
GOES-17,12/15/2019,2019349,18:50:34,1,Sharkfin,,FD,"35S,180W","4399,1062",http://data.ssec.wisc.edu/abi/imagery/GOES-17/20191215/fd/16panel/medium/16panel_2019349_185034_WESTA_FD_M6_B12345678910111213141516_0016PANELS.GIF,/arcdata/goes/grb/goes17/2019/2019_12_15_349/abi/L1b/RadF/OR_ABI-L1b-RadF-M6C??_G17_s2019349185034*.nc
GOES-17,12/16/2019,2019350,04:30:34,6,Sharkfin,,FD,"15S,170W","3505,1098",http://data.ssec.wisc.edu/abi/imagery/GOES-17/20191216/fd/16panel/medium/16panel_2019350_043034_WESTA_FD_M6_B12345678910111213141516_0016PANELS.GIF,/arcdata/goes/grb/goes17/2019/2019_12_16_350/abi/L1b/RadF/OR_ABI-L1b-RadF-M6C??_G17_s2019350043034*.nc
GOES-17,12/16/2019,2019350,10:00:34,16,Sharkfin,,FD,"29N,155W","1225,1878",http://data.ssec.wisc.edu/abi/imagery/GOES-17/20191216/fd/16panel/medium/16panel_2019350_100034_WESTA_FD_M6_B12345678910111213141516_0016PANELS.GIF,/arcdata/goes/grb/goes17/2019/2019_12_16_350/abi/L1b/RadF/OR_ABI-L1b-RadF-M6C??_G17_s2019350100034*.nc
GOES-17,12/16/2019,2019350,13:00:34,16,Sharkfin,,FD,"25S,170W","3991,121",http://data.ssec.wisc.edu/abi/imagery/GOES-17/20191216/fd/16panel/medium/16panel_2019350_130034_WESTA_FD_M6_B12345678910111213141516_0016PANELS.GIF,/arcdata/goes/grb/goes17/2019/2019_12_16_350/abi/L1b/RadF/OR_ABI-L1b-RadF-M6C??_G17_s2019350130034*.nc
GOES-17,12/16/2019,2019350,15:30:34,10,Sharkfin,,FD,"15S,180W","3487,732",http://data.ssec.wisc.edu/abi/imagery/GOES-17/20191216/fd/16panel/medium/16panel_2019350_153034_WESTB_FD_M6_B12345678910111213141516_0016PANELS.GIF,/arcdata/goes/grb/goes17/2019/2019_12_16_350/abi/L1b/RadF/OR_ABI-L1b-RadF-M6C??_G17_s2019350153034*.nc
GOES-17,12/16/2019,2019350,18:00:34,16,Sharkfin?,,FD,"14S,165W","3457,1302",http://data.ssec.wisc.edu/abi/imagery/GOES-17/20191216/fd/16panel/medium/16panel_2019350_180034_WESTA_FD_M6_B12345678910111213141516_0016PANELS.GIF,/arcdata/goes/grb/goes17/2019/2019_12_16_350/abi/L1b/RadF/OR_ABI-L1b-RadF-M6C??_G17_s2019350180034*.nc
GOES-17,12/21/2019,2019355,03:20:32,11,Sharkfin,,FD,"33S,163W","4357,1596",http://data.ssec.wisc.edu/abi/imagery/GOES-17/20191221/fd/16panel/medium/16panel_2019355_032032_WESTA_FD_M6_B12345678910111213141516_0016PANELS.GIF,/arcdata/goes/grb/goes17/2019/2019_12_21_355/abi/L1b/RadF/OR_ABI-L1b-RadF-M6C??_G17_s2019355032032*.nc
GOES-17,12/22/2019,2019356,08:30:32,14,Sharkfin,,FD,"48S,150W","4921,2262",http://data.ssec.wisc.edu/abi/imagery/GOES-17/20191222/fd/16panel/medium/16panel_2019356_083032_WESTA_FD_M6_B12345678910111213141516_0016PANELS.GIF,/arcdata/goes/grb/goes17/2019/2019_12_22_356/abi/L1b/RadF/OR_ABI-L1b-RadF-M6C??_G17_s2019356083032*.nc
GOES-16,12/23/2019,2019357,16:00:22,11,Sharkfin,,FD,"23S,90W","3925,1968",http://data.ssec.wisc.edu/abi/imagery/GOES-16/20191223/fd/16panel/medium/16panel_2019357_160022_EASTA_FD_M6_B12345678910111213141516_0016PANELS.GIF,/arcdata/goes/grb/goes16/2019/2019_12_23_357/abi/L1b/RadF/OR_ABI-L1b-RadF-M6C??_G16_s2019357160022*.nc
GOES-17,12/23/2019,2019357,22:50:33,"11,12",Sharkfin,,FD,"22S,165W","3859,1374",http://data.ssec.wisc.edu/abi/imagery/GOES-17/20191223/fd/16panel/medium/16panel_2019357_225033_WESTA_FD_M6_B12345678910111213141516_0016PANELS.GIF,/arcdata/goes/grb/goes17/2019/2019_12_23_357/abi/L1b/RadF/OR_ABI-L1b-RadF-M6C??_G17_s2019357225033*.nc
GOES-17,12/24/2019,2019358,04:00:33,"11,12",Sharkfin,,FD,"29N,168W","1249,1344",http://data.ssec.wisc.edu/abi/imagery/GOES-17/20191224/fd/16panel/medium/16panel_2019358_040033_WESTA_FD_M6_B12345678910111213141516_0016PANELS.GIF,/arcdata/goes/grb/goes17/2019/2019_12_24_358/abi/L1b/RadF/OR_ABI-L1b-RadF-M6C??_G17_s2019358040033*.nc
GOES-16,12/25/2019,2019359,17:20:22,15,Sharkfin,,FD,"23S,95W","3919,1734",http://data.ssec.wisc.edu/abi/imagery/GOES-16/20191225/fd/16panel/medium/16panel_2019359_172022_EASTA_FD_M6_B12345678910111213141516_0016PANELS.GIF,/arcdata/goes/grb/goes16/2019/2019_12_25_359/abi/L1b/RadF/OR_ABI-L1b-RadF-M6C??_G16_s2019359172022*.nc
GOES-16,12/26/2019,2019360,11:50:22,13,Sharkfin,,FD,"8N,105W","2281,1182",http://data.ssec.wisc.edu/abi/imagery/GOES-16/20191226/fd/16panel/medium/16panel_2019360_115022_EASTB_FD_M6_B12345678910111213141516_0016PANELS.GIF,/arcdata/goes/grb/goes16/2019/2019_12_26_360/abi/L1b/RadF/OR_ABI-L1b-RadF-M6C??_G16_s2019360115022*.nc
GOES-16,12/26/2019,2019360,12:00:22,14,Sharkfin,,FD,"17N,100W","1813,1458",http://data.ssec.wisc.edu/abi/imagery/GOES-16/20191226/fd/16panel/medium/16panel_2019360_120022_EASTA_FD_M6_B12345678910111213141516_0016PANELS.GIF,/arcdata/goes/grb/goes16/2019/2019_12_26_360/abi/L1b/RadF/OR_ABI-L1b-RadF-M6C??_G16_s2019360120022*.nc
GOES-16,12/26/2019,2019360,18:30:21,"6,12",Sharkfin,,FD,"40N,90W","775,2112",http://data.ssec.wisc.edu/abi/imagery/GOES-16/20191226/fd/16panel/medium/16panel_2019360_183021_EASTA_FD_M6_B12345678910111213141516_0016PANELS.GIF,/arcdata/goes/grb/goes16/2019/2019_12_26_360/abi/L1b/RadF/OR_ABI-L1b-RadF-M6C??_G16_s2019360183021*.nc
GOES-17,12/26/2019,2019360,09:50:34,"7,16",Sharkfin,,FD,"29N,155W","1225,1878",http://data.ssec.wisc.edu/abi/imagery/GOES-17/20191226/fd/16panel/medium/16panel_2019360_095034_WESTB_FD_M6_B12345678910111213141516_0016PANELS.GIF,/arcdata/goes/grb/goes17/2019/2019_12_26_360/abi/L1b/RadF/OR_ABI-L1b-RadF-M6C??_G17_s2019360095034*.nc
GOES-16,12/27/2019,2019361,22:30:21,8,Sharkfin,,FD,"14S,110W","3451,1008",http://data.ssec.wisc.edu/abi/imagery/GOES-16/20191227/fd/16panel/medium/16panel_2019361_223021_EASTA_FD_M6_B12345678910111213141516_0016PANELS.GIF,/arcdata/goes/grb/goes16/2019/2019_12_27_361/abi/L1b/RadF/OR_ABI-L1b-RadF-M6C??_G16_s2019361223021*.nc
GOES-16,12/28/2019,2019362,13:10:22,7,Sharkfin,,FD,"13S,105W","3403,1206",http://data.ssec.wisc.edu/abi/imagery/GOES-16/20191228/fd/16panel/medium/16panel_2019362_131022_EASTB_FD_M6_B12345678910111213141516_0016PANELS.GIF,/arcdata/goes/grb/goes16/2019/2019_12_28_362/abi/L1b/RadF/OR_ABI-L1b-RadF-M6C??_G16_s2019362131022*.nc
GOES-17,12/28/2019,2019362,06:40:34,13,Sharkfin,,FD,"28N,160W","1279,1656",http://data.ssec.wisc.edu/abi/imagery/GOES-17/20191228/fd/16panel/medium/16panel_2019362_064034_WESTA_FD_M6_B12345678910111213141516_0016PANELS.GIF,/arcdata/goes/grb/goes17/2019/2019_12_28_362/abi/L1b/RadF/OR_ABI-L1b-RadF-M6C??_G17_s2019362064034*.nc
GOES-16,12/30/2019,2019364,21:20:21,8,Sharkfin,,FD,"23S,100W","3913,1512",http://data.ssec.wisc.edu/abi/imagery/GOES-16/20191230/fd/16panel/medium/16panel_2019364_212021_EASTA_FD_M6_B12345678910111213141516_0016PANELS.GIF,/arcdata/goes/grb/goes16/2019/2019_12_30_364/abi/L1b/RadF/OR_ABI-L1b-RadF-M6C??_G16_s2019364212021*.nc
GOES-16,01/05/2020,2020005,06:00:21,"11,12",Sharkfin,,FD,"32S,100W","4321,1620",http://data.ssec.wisc.edu/abi/imagery/GOES-16/20200105/fd/16panel/medium/16panel_2020005_060021_EASTB_FD_M6_B12345678910111213141516_0016PANELS.GIF,/arcdata/goes/grb/goes16/2020/2020_01_05_005/abi/L1b/RadF/OR_ABI-L1b-RadF-M6C??_G16_s2020005060021*.nc
GOES-16,01/06/2020,2020006,00:00:21,8,Sharkfin,,FD,"23S,100W","3913,1512",http://data.ssec.wisc.edu/abi/imagery/GOES-16/20200106/fd/16panel/medium/16panel_2020006_000021_EASTB_FD_M6_B12345678910111213141516_0016PANELS.GIF,/arcdata/goes/grb/goes16/2020/2020_01_06_006/abi/L1b/RadF/OR_ABI-L1b-RadF-M6C??_G16_s2020006000021*.nc
GOES-16,01/06/2020,2020006,00:00:21,11,Sharkfin,,FD,"48S,75W","4927,2712",http://data.ssec.wisc.edu/abi/imagery/GOES-16/20200106/fd/16panel/medium/16panel_2020006_000021_EASTB_FD_M6_B12345678910111213141516_0016PANELS.GIF,/arcdata/goes/grb/goes16/2020/2020_01_06_006/abi/L1b/RadF/OR_ABI-L1b-RadF-M6C??_G16_s2020006000021*.nc
GOES-16,01/08/2020,2020008,07:50:20,10,Sharkfin,,FD,"48N,90W","511,2196",http://data.ssec.wisc.edu/abi/imagery/GOES-16/20200108/fd/16panel/medium/16panel_2020008_075020_EASTB_FD_M6_B12345678910111213141516_0016PANELS.GIF,/arcdata/goes/grb/goes16/2020/2020_01_08_008/abi/L1b/RadF/OR_ABI-L1b-RadF-M6C??_G16_s2020008075020*.nc
GOES-17,01/16/2020,2020016,18:00:32,"13,14",Sharkfin,,FD,"50S,150W","4975,2286",http://data.ssec.wisc.edu/abi/imagery/GOES-17/20200116/fd/16panel/medium/16panel_2020016_180032_WESTB_FD_M6_B12345678910111213141516_0016PANELS.GIF,/arcdata/goes/grb/goes17/2020/2020_01_16_016/abi/L1b/RadF/OR_ABI-L1b-RadF-M6C??_G17_s2020016180032*.nc
GOES-16,01/17/2020,2020017,05:10:19,"10,15",Sharkfin,,FD,"43N,90W","667,2142",http://data.ssec.wisc.edu/abi/imagery/GOES-16/20200117/fd/16panel/medium/16panel_2020017_051019_EASTB_FD_M6_B12345678910111213141516_0016PANELS.GIF,/arcdata/goes/grb/goes16/2020/2020_01_17_017/abi/L1b/RadF/OR_ABI-L1b-RadF-M6C??_G16_s2020017051019*.nc
GOES-17,01/18/2020,2020018,14:30:32,8,Sharkfin,,FD,"44N,150W","631,2226",http://data.ssec.wisc.edu/abi/imagery/GOES-17/20200118/fd/16panel/medium/16panel_2020018_143032_WESTA_FD_M6_B12345678910111213141516_0016PANELS.GIF,/arcdata/goes/grb/goes17/2020/2020_01_18_018/abi/L1b/RadF/OR_ABI-L1b-RadF-M6C??_G17_s2020018143032*.nc
GOES-17,01/20/2020,2020020,06:30:32,15,Sharkfin,,FD,"37N,165W","907,1584",http://data.ssec.wisc.edu/abi/imagery/GOES-17/20200120/fd/16panel/medium/16panel_2020020_063032_WESTA_FD_M6_B12345678910111213141516_0016PANELS.GIF,/arcdata/goes/grb/goes17/2020/2020_01_20_020/abi/L1b/RadF/OR_ABI-L1b-RadF-M6C??_G17_s2020020063032*.nc
GOES-17,01/21/2020,2020021,17:40:32,16,Sharkfin,,FD,"48S,150W","4921,2262",http://data.ssec.wisc.edu/abi/imagery/GOES-17/20200121/fd/16panel/medium/16panel_2020021_174032_WESTB_FD_M6_B12345678910111213141516_0016PANELS.GIF,/arcdata/goes/grb/goes17/2020/2020_01_21_021/abi/L1b/RadF/OR_ABI-L1b-RadF-M6C??_G17_s2020021174032*.nc
GOES-17,01/25/2020,2020025,07:10:31,10,Sharkfin,,FD,"48S,150W","4921,2262",http://data.ssec.wisc.edu/abi/imagery/GOES-17/20200125/fd/16panel/medium/16panel_2020025_071031_WESTA_FD_M6_B12345678910111213141516_0016PANELS.GIF,/arcdata/goes/grb/goes17/2020/2020_01_25_025/abi/L1b/RadF/OR_ABI-L1b-RadF-M6C??_G17_s2020025071031*.nc
GOES-17,01/31/2020,2020031,07:50:31,15,Sharkfin,,FD,"47S,150W","4885,2256",http://data.ssec.wisc.edu/abi/imagery/GOES-17/20200131/fd/16panel/medium/16panel_2020031_075031_WESTA_FD_M6_B12345678910111213141516_0016PANELS.GIF,/arcdata/goes/grb/goes17/2020/2020_01_31_031/abi/L1b/RadF/OR_ABI-L1b-RadF-M6C??_G17_s2020031075031*.nc
GOES-17,02/02/2020,2020033,15:10:32,"7,8,15,16",Sharkfin,,FD,"46S,150W","4855,2244",http://data.ssec.wisc.edu/abi/imagery/GOES-17/20200202/fd/16panel/medium/16panel_2020033_151032_WESTA_FD_M6_B12345678910111213141516_0016PANELS.GIF,/arcdata/goes/grb/goes17/2020/2020_02_02_033/abi/L1b/RadF/OR_ABI-L1b-RadF-M6C??_G17_s2020033151032*.nc
GOES-17,02/03/2020,2020034,21:50:31,"10,11",Sharkfin,,FD,"47S,150W","4885,2256",http://data.ssec.wisc.edu/abi/imagery/GOES-17/20200203/fd/16panel/medium/16panel_2020034_215031_WESTB_FD_M6_B12345678910111213141516_0016PANELS.GIF,/arcdata/goes/grb/goes17/2020/2020_02_03_034/abi/L1b/RadF/OR_ABI-L1b-RadF-M6C??_G17_s2020034215031*.nc
GOES-17,02/08/2020,2020039,18:40:32,10,Sharkfin,,FD,"15S,165W","3511,1308",http://data.ssec.wisc.edu/abi/imagery/GOES-17/20200208/fd/16panel/medium/16panel_2020039_184032_WESTA_FD_M6_B12345678910111213141516_0016PANELS.GIF,/arcdata/goes/grb/goes17/2020/2020_02_08_039/abi/L1b/RadF/OR_ABI-L1b-RadF-M6C??_G17_s2020039184032*.nc
GOES-17,02/08/2020,2020039,20:10:32,"7,16",Sharkfin,,FD,"22S,155W","3871,1824",http://data.ssec.wisc.edu/abi/imagery/GOES-17/20200208/fd/16panel/medium/16panel_2020039_201032_WESTA_FD_M6_B12345678910111213141516_0016PANELS.GIF,/arcdata/goes/grb/goes17/2020/2020_02_08_039/abi/L1b/RadF/OR_ABI-L1b-RadF-M6C??_G17_s2020039201032*.nc
GOES-17,02/09/2020,2020040,00:50:31,10,Sharkfin,,FD,"28N,165W","1285,1446",http://data.ssec.wisc.edu/abi/imagery/GOES-17/20200209/fd/16panel/medium/16panel_2020040_005031_WESTA_FD_M6_B12345678910111213141516_0016PANELS.GIF,/arcdata/goes/grb/goes17/2020/2020_02_09_040/abi/L1b/RadF/OR_ABI-L1b-RadF-M6C??_G17_s2020040005031*.nc
GOES-17,02/09/2020,2020040,04:10:31,11,Sharkfin,,FD,"15N,165W","1915,1308",http://data.ssec.wisc.edu/abi/imagery/GOES-17/20200209/fd/16panel/medium/16panel_2020040_041031_WESTA_FD_M6_B12345678910111213141516_0016PANELS.GIF,/arcdata/goes/grb/goes17/2020/2020_02_09_040/abi/L1b/RadF/OR_ABI-L1b-RadF-M6C??_G17_s2020040041031*.nc
GOES-17,02/09/2020,2020040,04:20:31,15,Sharkfin,,FD,"22S,160W","3865,1590",http://data.ssec.wisc.edu/abi/imagery/GOES-17/20200209/fd/16panel/medium/16panel_2020040_042031_WESTA_FD_M6_B12345678910111213141516_0016PANELS.GIF,/arcdata/goes/grb/goes17/2020/2020_02_09_040/abi/L1b/RadF/OR_ABI-L1b-RadF-M6C??_G17_s2020040042031*.nc
GOES-17,02/09/2020,2020040,05:10:31,15,Sharkfin,,FD,"17N,160W","1807,1548",http://data.ssec.wisc.edu/abi/imagery/GOES-17/20200209/fd/16panel/medium/16panel_2020040_051031_WESTA_FD_M6_B12345678910111213141516_0016PANELS.GIF,/arcdata/goes/grb/goes17/2020/2020_02_09_040/abi/L1b/RadF/OR_ABI-L1b-RadF-M6C??_G17_s2020040051031*.nc
GOES-17,02/09/2020,2020040,06:20:31,5,Sharkfin?,,FD,"22S,170E","3811,540,",http://data.ssec.wisc.edu/abi/imagery/GOES-17/20200209/fd/16panel/medium/16panel_2020040_062031_WESTA_FD_M6_B12345678910111213141516_0016PANELS.GIF,/arcdata/goes/grb/goes17/2020/2020_02_09_040/abi/L1b/RadF/OR_ABI-L1b-RadF-M6C??_G17_s2020040062031*.nc
GOES-17,02/09/2020,2020040,06:20:31,"11,12",Sharkfin?,,FD,"5S,165W","2983,1260",http://data.ssec.wisc.edu/abi/imagery/GOES-17/20200209/fd/16panel/medium/16panel_2020040_062031_WESTA_FD_M6_B12345678910111213141516_0016PANELS.GIF,/arcdata/goes/grb/goes17/2020/2020_02_09_040/abi/L1b/RadF/OR_ABI-L1b-RadF-M6C??_G17_s2020040062031*.nc
GOES-17,02/09/2020,2020040,06:30:31,5,Sharkfin?,,FD,"22S,170E","3811,540",http://data.ssec.wisc.edu/abi/imagery/GOES-17/20200209/fd/16panel/medium/16panel_2020040_063031_WESTA_FD_M6_B12345678910111213141516_0016PANELS.GIF,/arcdata/goes/grb/goes17/2020/2020_02_09_040/abi/L1b/RadF/OR_ABI-L1b-RadF-M6C??_G17_s2020040063031*.nc
GOES-17,02/09/2020,2020040,07:10:31,11,Sharkfin,,FD,"22S,165W","3859,1374",http://data.ssec.wisc.edu/abi/imagery/GOES-17/20200209/fd/16panel/medium/16panel_2020040_071031_WESTA_FD_M6_B12345678910111213141516_0016PANELS.GIF,/arcdata/goes/grb/goes17/2020/2020_02_09_040/abi/L1b/RadF/OR_ABI-L1b-RadF-M6C??_G17_s2020040071031*.nc
GOES-17,02/09/2020,2020040,07:20:31,16,Sharkfin,,FD,"22S,165W","3859,1374",http://data.ssec.wisc.edu/abi/imagery/GOES-17/20200209/fd/16panel/medium/16panel_2020040_072031_WESTA_FD_M6_B12345678910111213141516_0016PANELS.GIF,/arcdata/goes/grb/goes17/2020/2020_02_09_040/abi/L1b/RadF/OR_ABI-L1b-RadF-M6C??_G17_s2020040072031*.nc
GOES-17,02/09/2020,2020040,16:30:32,10,Sharkfin,,FD,"22S,165W","3859,1374",http://data.ssec.wisc.edu/abi/imagery/GOES-17/20200209/fd/16panel/medium/16panel_2020040_163032_WESTB_FD_M6_B12345678910111213141516_0016PANELS.GIF,/arcdata/goes/grb/goes17/2020/2020_02_09_040/abi/L1b/RadF/OR_ABI-L1b-RadF-M6C??_G17_s2020040163032*.nc
GOES-17,02/09/2020,2020040,17:10:32,16,Sharkfin,,FD,"22S,165W","3859,1374",http://data.ssec.wisc.edu/abi/imagery/GOES-17/20200209/fd/16panel/medium/16panel_2020040_171032_WESTA_FD_M6_B12345678910111213141516_0016PANELS.GIF,/arcdata/goes/grb/goes17/2020/2020_02_09_040/abi/L1b/RadF/OR_ABI-L1b-RadF-M6C??_G17_s2020040171032*.nc
GOES-17,02/09/2020,2020040,18:00:32,15,Sharkfin,,FD,"18N,165W","1765,1338",http://data.ssec.wisc.edu/abi/imagery/GOES-17/20200209/fd/16panel/medium/16panel_2020040_180032_WESTA_FD_M6_B12345678910111213141516_0016PANELS.GIF,/arcdata/goes/grb/goes17/2020/2020_02_09_040/abi/L1b/RadF/OR_ABI-L1b-RadF-M6C??_G17_s2020040180032*.nc
GOES-17,02/09/2020,2020040,20:30:32,14,Sharkfin,,FD,"29N,165W","1243,1464",http://data.ssec.wisc.edu/abi/imagery/GOES-17/20200209/fd/16panel/medium/16panel_2020040_202032_WESTA_FD_M6_B12345678910111213141516_0016PANELS.GIF,/arcdata/goes/grb/goes17/2020/2020_02_09_040/abi/L1b/RadF/OR_ABI-L1b-RadF-M6C??_G17_s2020040203032*.nc
GOES-17,02/10/2020,2020041,01:20:31,"11,12",Sharkfin,,FD,"22S,165W","3859,1374",http://data.ssec.wisc.edu/abi/imagery/GOES-17/20200210/fd/16panel/medium/16panel_2020041_012031_WESTB_FD_M6_B12345678910111213141516_0016PANELS.GIF,/arcdata/goes/grb/goes17/2020/2020_02_10_041/abi/L1b/RadF/OR_ABI-L1b-RadF-M6C??_G17_s2020041012031*.nc
GOES-17,02/10/2020,2020041,02:00:31,10,Sharkfin,,FD,"32S,155W","4327,1908",http://data.ssec.wisc.edu/abi/imagery/GOES-17/20200210/fd/16panel/medium/16panel_2020041_020031_WESTA_FD_M6_B12345678910111213141516_0016PANELS.GIF,/arcdata/goes/grb/goes17/2020/2020_02_10_041/abi/L1b/RadF/OR_ABI-L1b-RadF-M6C??_G17_s2020041020031*.nc
GOES-17,02/10/2020,2020041,02:10:31,6,Sharkfin,,FD,"23S,165W","3907,1386",http://data.ssec.wisc.edu/abi/imagery/GOES-17/20200210/fd/16panel/medium/16panel_2020041_021031_WESTA_FD_M6_B12345678910111213141516_0016PANELS.GIF,/arcdata/goes/grb/goes17/2020/2020_02_10_041/abi/L1b/RadF/OR_ABI-L1b-RadF-M6C??_G17_s2020041021031*.nc
GOES-17,02/10/2020,2020041,02:10:31,10,Sharkfin,,FD,"28N,165W","1285,1446",http://data.ssec.wisc.edu/abi/imagery/GOES-17/20200210/fd/16panel/medium/16panel_2020041_021031_WESTA_FD_M6_B12345678910111213141516_0016PANELS.GIF,/arcdata/goes/grb/goes17/2020/2020_02_10_041/abi/L1b/RadF/OR_ABI-L1b-RadF-M6C??_G17_s2020041021031*.nc
GOES-17,02/10/2020,2020041,07:50:31,10,Sharkfin,,FD,"22S,165W","3859,1374",http://data.ssec.wisc.edu/abi/imagery/GOES-17/20200210/fd/16panel/medium/16panel_2020041_075031_WESTA_FD_M6_B12345678910111213141516_0016PANELS.GIF,/arcdata/goes/grb/goes17/2020/2020_02_10_041/abi/L1b/RadF/OR_ABI-L1b-RadF-M6C??_G17_s2020041075031*.nc
GOES-16,02/15/2020,2020046,21:20:20,"10,11",Sharkfin,,FD,"48S,80W","4921,2538",http://data.ssec.wisc.edu/abi/imagery/GOES-16/20200215/fd/16panel/medium/16panel_2020046_212020_EASTA_FD_M6_B12345678910111213141516_0016PANELS.GIF,/arcdata/goes/grb/goes16/2020/2020_02_15_046/abi/L1b/RadF/OR_ABI-L1b-RadF-M6C??_G16_s2020046212020*.nc
GOES-16,02/16/2020,2020047,05:00:20,"10,11,12,15",Sharkfin,,FD,"48S,105W","4891,1728",http://data.ssec.wisc.edu/abi/imagery/GOES-16/20200216/fd/16panel/medium/16panel_2020047_050020_EASTA_FD_M6_B12345678910111213141516_0016PANELS.GIF,/arcdata/goes/grb/goes16/2020/2020_02_16_047/abi/L1b/RadF/OR_ABI-L1b-RadF-M6C??_G16_s2020047050020*.nc
GOES-16,02/16/2020,2020047,19:30:20,"13,14",Sharkfin,,FD,"50S,90W","4975,2220",http://data.ssec.wisc.edu/abi/imagery/GOES-16/20200216/fd/16panel/medium/16panel_2020047_193020_EASTA_FD_M6_B12345678910111213141516_0016PANELS.GIF,/arcdata/goes/grb/goes16/2020/2020_02_16_047/abi/L1b/RadF/OR_ABI-L1b-RadF-M6C??_G16_s2020047193020*.nc
GOES-17,02/16/2020,2020047,19:20:32,16,Sharkfin,,FD,"47S,145W","4891,2430",http://data.ssec.wisc.edu/abi/imagery/GOES-17/20200216/fd/16panel/medium/16panel_2020047_192032_WESTB_FD_M6_B12345678910111213141516_0016PANELS.GIF,/arcdata/goes/grb/goes17/2020/2020_02_16_047/abi/L1b/RadF/OR_ABI-L1b-RadF-M6C??_G17_s2020047192032*.nc
GOES-16,02/17/2020,2020048,16:50:20,"7,10,15,16",Sharkfin,,FD,"47S,90W","4885,2184",http://data.ssec.wisc.edu/abi/imagery/GOES-16/20200217/fd/16panel/medium/16panel_2020048_165020_EASTA_FD_M6_B12345678910111213141516_0016PANELS.GIF,/arcdata/goes/grb/goes16/2020/2020_02_17_048/abi/L1b/RadF/OR_ABI-L1b-RadF-M6C??_G16_s2020048165020*.nc
GOES-17,02/17/2020,2020048,07:50:31,"14,15",Sharkfin,,FD,"48S,150W","4921,2262",http://data.ssec.wisc.edu/abi/imagery/GOES-17/20200217/fd/16panel/medium/16panel_2020048_075031_WESTA_FD_M6_B12345678910111213141516_0016PANELS.GIF,/arcdata/goes/grb/goes17/2020/2020_02_17_048/abi/L1b/RadF/OR_ABI-L1b-RadF-M6C??_G17_s2020048075031*.nc
GOES-17,02/18/2020,2020049,00:30:31,12,Sharkfin,,FD,"47S,160W","4873,1920",http://data.ssec.wisc.edu/abi/imagery/GOES-17/20200218/fd/16panel/medium/16panel_2020049_003031_WESTA_FD_M6_B12345678910111213141516_0016PANELS.GIF,/arcdata/goes/grb/goes17/2020/2020_02_18_049/abi/L1b/RadF/OR_ABI-L1b-RadF-M6C??_G17_s2020049003031*.nc
GOES-17,02/19/2020,2020050,21:20:31,9,Sharkfin,,FD,"43N,165W","691,1692",http://data.ssec.wisc.edu/abi/imagery/GOES-17/20200219/fd/16panel/medium/16panel_2020050_212031_WESTA_FD_M6_B12345678910111213141516_0016PANELS.GIF,/arcdata/goes/grb/goes17/2020/2020_02_19_050/abi/L1b/RadF/OR_ABI-L1b-RadF-M6C??_G17_s2020050212031*.nc
GOES-17,02/20/2020,2020051,18:15:31,12,Sharkfin,,FD,"47S,160W","4873,1920",http://data.ssec.wisc.edu/abi/imagery/GOES-17/20200220/fd/16panel/medium/16panel_2020051_181531_WESTA_FD_M3_B12345678910111213141516_0016PANELS.GIF,/arcdata/goes/grb/goes17/2020/2020_02_20_051/abi/L1b/RadF/OR_ABI-L1b-RadF-M3C??_G17_s2020051181531*.nc
GOES-17,04/02/2020,2020093,18:40:32,16,Sharkfin,,FD,"47S,150W","4885,2256",http://data.ssec.wisc.edu/abi/imagery/GOES-17/20200402/fd/16panel/medium/16panel_2020093_184032_WESTA_FD_M6_B12345678910111213141516_0016PANELS.GIF,/arcdata/goes/grb/goes17/2020/2020_04_02_093/abi/L1b/RadF/OR_ABI-L1b-RadF-M6C??_G17_s2020093184032*.nc
GOES-17,04/05/2020,2020096,14:00:32,9,Sharkfin?,,FD,"60N,130W","211,2892",http://data.ssec.wisc.edu/abi/imagery/GOES-17/20200405/fd/16panel/medium/16panel_2020096_140032_WESTB_FD_M6_B12345678910111213141516_0016PANELS.GIF,/arcdata/goes/grb/goes17/2020/2020_04_05_096/abi/L1b/RadF/OR_ABI-L1b-RadF-M6C??_G17_s2020096140032*.nc
GOES-17,04/08/2020,2020099,18:40:32,7,Sharkfin,,FD,"15N,165W","1915,1308",http://data.ssec.wisc.edu/abi/imagery/GOES-17/20200408/fd/16panel/medium/16panel_2020099_184032_WESTA_FD_M6_B12345678910111213141516_0016PANELS.GIF,/arcdata/goes/grb/goes17/2020/2020_04_08_099/abi/L1b/RadF/OR_ABI-L1b-RadF-M6C??_G17_s2020099184032*.nc
GOES-17,04/13/2020,2020104,03:40:31,14,Sharkfin,,FD,"48N,153W","511,2166",http://data.ssec.wisc.edu/abi/imagery/GOES-17/20200413/fd/16panel/medium/16panel_2020104_034031_WESTA_FD_M6_B12345678910111213141516_0016PANELS.GIF,/arcdata/goes/grb/goes17/2020/2020_04_13_104/abi/L1b/RadF/OR_ABI-L1b-RadF-M6C??_G17_s2020104034031*.nc
GOES-16,04/14/2020,2020105,20:40:16,"13,14",Sharkfin?,,FD,"58S,80W","5179,2580",http://data.ssec.wisc.edu/abi/imagery/GOES-16/20200414/fd/16panel/medium/16panel_2020105_204016_EASTA_FD_M6_B12345678910111213141516_0016PANELS.GIF,/arcdata/goes/grb/goes16/2020/2020_04_14_105/abi/L1b/RadF/OR_ABI-L1b-RadF-M6C??_G16_s2020105204016*.nc
GOES-17,04/14/2020,2020105,01:10:31,"14,16",Sharkfins,,FD,"47S,150W","4885,2256",http://data.ssec.wisc.edu/abi/imagery/GOES-17/20200414/fd/16panel/medium/16panel_2020105_011031_WESTA_FD_M6_B12345678910111213141516_0016PANELS.GIF,/arcdata/goes/grb/goes17/2020/2020_04_14_105/abi/L1b/RadF/OR_ABI-L1b-RadF-M6C??_G17_s2020105011031*.nc
GOES-17,04/14/2020,2020105,01:10:31,15,Sharkfin?,,FD,"47S,150W","4885,2256",http://data.ssec.wisc.edu/abi/imagery/GOES-17/20200414/fd/16panel/medium/16panel_2020105_011031_WESTA_FD_M6_B12345678910111213141516_0016PANELS.GIF,/arcdata/goes/grb/goes17/2020/2020_04_14_105/abi/L1b/RadF/OR_ABI-L1b-RadF-M6C??_G17_s2020105011031*.nc
GOES-17,04/21/2020,2020112,20:00:32,15,Sharkfin?,,FD,"30S,180W","4195,960",http://data.ssec.wisc.edu/abi/imagery/GOES-17/20200421/fd/16panel/medium/16panel_2020112_200032_WESTA_FD_M6_B12345678910111213141516_0016PANELS.GIF,/arcdata/goes/grb/goes17/2020/2020_04_21_112/abi/L1b/RadF/OR_ABI-L1b-RadF-M6C??_G17_s2020112200032*.nc
GOES-17,04/22/2020,2020113,15:50:32,15,Sharkfin?,,FD,"70S,135W","5359,2748",http://data.ssec.wisc.edu/abi/imagery/GOES-17/20200422/fd/16panel/medium/16panel_2020113_155032_WESTA_FD_M6_B12345678910111213141516_0016PANELS.GIF,/arcdata/goes/grb/goes17/2020/2020_04_22_113/abi/L1b/RadF/OR_ABI-L1b-RadF-M6C??_G17_s2020113155032*.nc
GOES-16,05/02/2020,2020123,18:30:14,14,Sharkfin,,FD,"32N,105W","1117,1428",http://data.ssec.wisc.edu/abi/imagery/GOES-16/20200502/fd/16panel/medium/16panel_2020123_183014_EASTA_FD_M6_B12345678910111213141516_0016PANELS.GIF,/arcdata/goes/grb/goes16/2020/2020_05_02_123/abi/L1b/RadF/OR_ABI-L1b-RadF-M6C??_G16_s2020123183014*.nc
GOES-16,05/02/2020,2020123,22:10:14,7,Sharkfin,,FD,"60S,80W","5215,2586",http://data.ssec.wisc.edu/abi/imagery/GOES-16/20200502/fd/16panel/medium/16panel_2020123_221014_EASTA_FD_M6_B12345678910111213141516_0016PANELS.GIF,/arcdata/goes/grb/goes16/2020/2020_05_02_123/abi/L1b/RadF/OR_ABI-L1b-RadF-M6C??_G16_s2020123221014*.nc
GOES-17,05/06/2020,2020127,05:20:31,7,Sharkfin,,FD,"43N,170W","703,1536",http://data.ssec.wisc.edu/abi/imagery/GOES-17/20200506/fd/16panel/medium/16panel_2020127_052031_WESTA_FD_M6_B12345678910111213141516_0016PANELS.GIF,/arcdata/goes/grb/goes17/2020/2020_05_06_127/abi/L1b/RadF/OR_ABI-L1b-RadF-M6C??_G17_s2020127052031*.nc
GOES-16,05/07/2020,2020128,06:10:14,11,Sharkfin,,FD,"28N,95W","1273,1782",http://data.ssec.wisc.edu/abi/imagery/GOES-16/20200507/fd/16panel/medium/16panel_2020128_061014_EASTB_FD_M6_B12345678910111213141516_0016PANELS.GIF,/arcdata/goes/grb/goes16/2020/2020_05_07_128/abi/L1b/RadF/OR_ABI-L1b-RadF-M6C??_G16_s2020128061014*.nc
GOES-16,05/07/2020,2020128,21:30:14,"11,12",Sharkfin,,FD,"7N,95W","2329,1644",http://data.ssec.wisc.edu/abi/imagery/GOES-16/20200507/fd/16panel/medium/16panel_2020128_213014_EASTA_FD_M6_B12345678910111213141516_0016PANELS.GIF,/arcdata/goes/grb/goes16/2020/2020_05_07_128/abi/L1b/RadF/OR_ABI-L1b-RadF-M6C??_G16_s2020128213014*.nc
GOES-17,05/07/2020,2020128,19:50:32,11,unusual feature,,FD,"15S,170W","3505,1098",http://data.ssec.wisc.edu/abi/imagery/GOES-17/20200507/fd/16panel/medium/16panel_2020128_195032_WESTB_FD_M6_B12345678910111213141516_0016PANELS.GIF,/arcdata/goes/grb/goes17/2020/2020_05_07_128/abi/L1b/RadF/OR_ABI-L1b-RadF-M6C??_G17_s2020128195032*.nc
GOES-17,05/07/2020,2020128,21:00:31,8,Sharkfin?,,FD,"35S,165W","4435,1554",http://data.ssec.wisc.edu/abi/imagery/GOES-17/20200507/fd/16panel/medium/16panel_2020128_210031_WESTA_FD_M6_B12345678910111213141516_0016PANELS.GIF,/arcdata/goes/grb/goes17/2020/2020_05_07_128/abi/L1b/RadF/OR_ABI-L1b-RadF-M6C??_G17_s2020128210031*.nc
GOES-16,05/12/2020,2020133,13:40:14,8,Sharkfin,,FD,"58S,83W","5173,2496",http://data.ssec.wisc.edu/abi/imagery/GOES-16/20200512/fd/16panel/medium/16panel_2020133_134014_EASTB_FD_M6_B12345678910111213141516_0016PANELS.GIF,/arcdata/goes/grb/goes16/2020/2020_05_12_133/abi/L1b/RadF/OR_ABI-L1b-RadF-M6C??_G16_s2020133134014*.nc
GOES-17,05/25/2020,2020146,18:00:32,12,Sharkfin?,,FD,"60S,135W","5215,2766",http://data.ssec.wisc.edu/abi/imagery/GOES-17/20200525/fd/16panel/medium/16panel_2020146_180032_WESTA_FD_M6_B12345678910111213141516_0016PANELS.GIF,/arcdata/goes/grb/goes17/2020/2020_05_25_146/abi/L1b/RadF/OR_ABI-L1b-RadF-M6C??_G17_s2020146180032*.nc
GOES-16,05/28/2020,2020149,10:00:16,11,Sharkfin?,,FD,"43N,90W","667,2142",http://data.ssec.wisc.edu/abi/imagery/GOES-16/20200528/fd/16panel/medium/16panel_2020149_100016_EASTB_FD_M6_B12345678910111213141516_0016PANELS.GIF,/arcdata/goes/grb/goes16/2020/2020_05_28_149/abi/L1b/RadF/OR_ABI-L1b-RadF-M6C??_G16_s2020149100016*.nc
GOES-17,05/30/2020,2020151,14:20:32,9,Sharkfin,,FD,"48S,150W","4921,2262",http://data.ssec.wisc.edu/abi/imagery/GOES-17/20200530/fd/16panel/medium/16panel_2020151_142032_WESTA_FD_M6_B12345678910111213141516_0016PANELS.GIF,/arcdata/goes/grb/goes17/2020/2020_05_30_151/abi/L1b/RadF/OR_ABI-L1b-RadF-M6C??_G17_s2020151142032*.nc
GOES-16,06/24/2020,2020176,17:50:20,12,Sharkfin,,FD,"48S,80W","4921,2538",http://data.ssec.wisc.edu/abi/imagery/GOES-16/20200624/fd/16panel/medium/16panel_2020176_175020_EASTA_FD_M6_B12345678910111213141516_0016PANELS.GIF,/arcdata/goes/grb/goes16/2020/2020_06_24_176/abi/L1b/RadF/OR_ABI-L1b-RadF-M6C??_G16_s2020176175020*.nc
GOES-17,06/27/2020,2020179,09:10:32,"11,12",Sharkfin?,,FD,"23N,152W","1501,1968",http://data.ssec.wisc.edu/abi/imagery/GOES-17/20200627/fd/16panel/medium/16panel_2020179_091032_WESTA_FD_M6_B12345678910111213141516_0016PANELS.GIF,/arcdata/goes/grb/goes17/2020/2020_06_27_179/abi/L1b/RadF/OR_ABI-L1b-RadF-M6C??_G17_s2020179091032*.nc
GOES-17,06/28/2020,2020180,17:20:32,9,Sharkfin,,FD,"48S,160W","4903,1938",http://data.ssec.wisc.edu/abi/imagery/GOES-17/20200628/fd/16panel/medium/16panel_2020180_172032_WESTA_FD_M6_B12345678910111213141516_0016PANELS.GIF,/arcdata/goes/grb/goes17/2020/2020_06_28_180/abi/L1b/RadF/OR_ABI-L1b-RadF-M6C??_G17_s2020180172032*.nc
GOES-16,07/04/2020,2020186,23:50:21,13,Sharkfin,,FD,"58S,90W","5167,2316",http://data.ssec.wisc.edu/abi/imagery/GOES-16/20200704/fd/16panel/medium/16panel_2020186_235021_EASTB_FD_M6_B12345678910111213141516_0016PANELS.GIF,/arcdata/goes/grb/goes16/2020/2020_07_04_186/abi/L1b/RadF/OR_ABI-L1b-RadF-M6C??_G16_s2020186235021*.nc
GOES-17,08/19/2020,2020232,04:20:31,16,Sharkfin,,FD,"44N,155W","637,2046",http://data.ssec.wisc.edu/abi/imagery/GOES-17/20200819/fd/16panel/medium/16panel_2020232_042031_WESTA_FD_M6_B12345678910111213141516_0016PANELS.GIF,/arcdata/goes/grb/goes17/2020/2020_08_19_232/abi/L1b/RadF/OR_ABI-L1b-RadF-M6C??_G17_s2020232042031*.nc
GOES-17,09/05/2020,2020249,01:20:31,"11,12",Sharkfin?,,FD,"43S,150W","4759,2220",http://data.ssec.wisc.edu/abi/imagery/GOES-17/20200905/fd/16panel/medium/16panel_2020249_012031_WESTB_FD_M6_B12345678910111213141516_0016PANELS.GIF,/arcdata/goes/grb/goes17/2020/2020_09_05_249/abi/L1b/RadF/OR_ABI-L1b-RadF-M6C??_G17_s2020249012031*.nc
GOES-17,09/06/2020,2020250,02:20:31,"10,11,12",Sharkfin,,FD,"58N,135W","247,2766",http://data.ssec.wisc.edu/abi/imagery/GOES-17/20200906/fd/16panel/medium/16panel_2020250_022031_WESTA_FD_M6_B12345678910111213141516_0016PANELS.GIF,/arcdata/goes/grb/goes17/2020/2020_09_06_250/abi/L1b/RadF/OR_ABI-L1b-RadF-M6C??_G17_s2020250022031*.nc
GOES-16,09/11/2020,2020255,15:20:19,13,Sharkfin,,FD,"23N,105W","1519,1302",http://data.ssec.wisc.edu/abi/imagery/GOES-16/20200911/fd/16panel/medium/16panel_2020255_152019_EASTA_FD_M6_B12345678910111213141516_0016PANELS.GIF,/arcdata/goes/grb/goes16/2020/2020_09_11_255/abi/L1b/RadF/OR_ABI-L1b-RadF-M6C??_G16_s2020255152019*.nc
GOES-16,09/11/2020,2020255,18:50:19,7,Sharkfin?,,FD,"29S,118W","4153,936",http://data.ssec.wisc.edu/abi/imagery/GOES-16/20200911/fd/16panel/medium/16panel_2020255_185019_EASTA_FD_M6_B12345678910111213141516_0016PANELS.GIF,/arcdata/goes/grb/goes16/2020/2020_09_11_255/abi/L1b/RadF/OR_ABI-L1b-RadF-M6C??_G16_s2020255185019*.nc
GOES-16,09/12/2020,2020256,22:20:18,7,Sharkfin,,FD,"42S,90W","4723,2130",http://data.ssec.wisc.edu/abi/imagery/GOES-16/20200912/fd/16panel/medium/16panel_2020256_222018_EASTA_FD_M6_B12345678910111213141516_0016PANELS.GIF,/arcdata/goes/grb/goes16/2020/2020_09_12_256/abi/L1b/RadF/OR_ABI-L1b-RadF-M6C??_G16_s2020256222018*.nc
GOES-16,09/13/2020,2020257,08:20:18,10,Sharkfin,,FD,"48N,95W","517,2034",http://data.ssec.wisc.edu/abi/imagery/GOES-16/20200913/fd/16panel/medium/16panel_2020257_082018_EASTB_FD_M6_B12345678910111213141516_0016PANELS.GIF,/arcdata/goes/grb/goes16/2020/2020_09_13_257/abi/L1b/RadF/OR_ABI-L1b-RadF-M6C??_G16_s2020257082018*.nc
GOES-16,09/13/2020,2020257,17:30:18,13,Sharkfin,,FD,"33S,105W","4351,1446",http://data.ssec.wisc.edu/abi/imagery/GOES-16/20200913/fd/16panel/medium/16panel_2020257_173018_EASTA_FD_M6_B12345678910111213141516_0016PANELS.GIF,/arcdata/goes/grb/goes16/2020/2020_09_13_257/abi/L1b/RadF/OR_ABI-L1b-RadF-M6C??_G16_s2020257173018*.nc
GOES-17,09/13/2020,2020257,17:00:32,12,Sharkfin,,FD,"50S,155W","4969,2124",http://data.ssec.wisc.edu/abi/imagery/GOES-17/20200913/fd/16panel/medium/16panel_2020257_170032_WESTB_FD_M6_B12345678910111213141516_0016PANELS.GIF,/arcdata/goes/grb/goes17/2020/2020_09_13_257/abi/L1b/RadF/OR_ABI-L1b-RadF-M6C??_G17_s2020257170032*.nc
GOES-17,09/14/2021,2020258,11:26:17,"9,10,11,12,13,14,15",caterpillar,,CONUS,,,http://data.ssec.wisc.edu/abi/imagery/GOES-17/20200914/conus/16panel/medium/16panel_2020258_112617_WESTA_CONUS_M6_B12345678910111213141516_0016PANELS.GIF,